Tarih,Dağıtılan Enerji (MWh)
2022-08-01 00:00:00,1910.1302044444444
2022-08-01 01:00:00,1931.29088
2022-08-01 02:00:00,1792.5481244444445
2022-08-01 03:00:00,1733.03424
2022-08-01 04:00:00,1932.8792177777777
2022-08-01 05:00:00,1938.0260977777777
2022-08-01 06:00:00,2080.7755377777776
2022-08-01 07:00:00,1973.3522488888889
2022-08-01 08:00:00,2075.780977777778
2022-08-01 09:00:00,2233.627591111111
2022-08-01 10:00:00,2150.69696
2022-08-01 11:00:00,2471.1236266666665
2022-08-01 12:00:00,2548.158008888889
2022-08-01 13:00:00,2582.7797333333333
2022-08-01 14:00:00,2584.142791111111
2022-08-01 15:00:00,2582.613048888889
2022-08-01 16:00:00,2521.0934044444443
2022-08-01 17:00:00,2428.9473422222222
2022-08-01 18:00:00,2430.962631111111
2022-08-01 19:00:00,2451.762346666667
2022-08-01 20:00:00,2550.9290666666666
2022-08-01 21:00:00,2534.4389688888887
2022-08-01 22:00:00,2554.074168888889
2022-08-01 23:00:00,2572.337208888889
2022-08-02 00:00:00,2180.9132088888887
2022-08-02 01:00:00,2247.450168888889
2022-08-02 02:00:00,2159.5632355555554
2022-08-02 03:00:00,2173.330773333333
2022-08-02 04:00:00,1979.2567466666667
2022-08-02 05:00:00,1887.016391111111
2022-08-02 06:00:00,1742.9937777777777
2022-08-02 07:00:00,1647.64544
2022-08-02 08:00:00,1787.0759822222221
2022-08-02 09:00:00,1834.4283022222223
2022-08-02 10:00:00,1706.6716444444444
2022-08-02 11:00:00,2112.276337777778
2022-08-02 12:00:00,2166.7767466666664
2022-08-02 13:00:00,2368.5624888888888
2022-08-02 14:00:00,2370.765511111111
2022-08-02 15:00:00,2361.8780444444446
2022-08-02 16:00:00,2399.00672
2022-08-02 17:00:00,2462.652871111111
2022-08-02 18:00:00,2375.468231111111
2022-08-02 19:00:00,2446.6019555555554
2022-08-02 20:00:00,2402.5392355555555
2022-08-02 21:00:00,2470.368426666667
2022-08-02 22:00:00,2111.560248888889
2022-08-02 23:00:00,2134.6730666666667
2022-08-03 00:00:00,1957.2754488888888
2022-08-03 01:00:00,1993.8299733333333
2022-08-03 02:00:00,2046.5328355555555
2022-08-03 03:00:00,2010.9385955555556
2022-08-03 04:00:00,1915.2740977777778
2022-08-03 05:00:00,1925.9108977777778
2022-08-03 06:00:00,1868.71808
2022-08-03 07:00:00,2022.3170844444444
2022-08-03 08:00:00,1852.325831111111
2022-08-03 09:00:00,1898.5174755555556
2022-08-03 10:00:00,1888.3689244444445
2022-08-03 11:00:00,2354.0970666666667
2022-08-03 12:00:00,2364.7165155555554
2022-08-03 13:00:00,2522.898204444444
2022-08-03 14:00:00,2441.4307555555556
2022-08-03 15:00:00,2287.6465777777776
2022-08-03 16:00:00,2340.6183822222224
2022-08-03 17:00:00,2293.5817955555553
2022-08-03 18:00:00,2409.5735466666665
2022-08-03 19:00:00,2393.4307555555556
2022-08-03 20:00:00,2452.143502222222
2022-08-03 21:00:00,2407.319608888889
2022-08-03 22:00:00,2151.5456
2022-08-03 23:00:00,2026.432711111111
2022-08-04 00:00:00,1714.390328888889
2022-08-04 01:00:00,1748.8482133333334
2022-08-04 02:00:00,1697.4889244444444
2022-08-04 03:00:00,1622.9239466666668
2022-08-04 04:00:00,1557.3070222222223
2022-08-04 05:00:00,1580.3785955555556
2022-08-04 06:00:00,1461.8396444444445
2022-08-04 07:00:00,1500.8231822222222
2022-08-04 08:00:00,1703.4326755555555
2022-08-04 09:00:00,1792.9948444444444
2022-08-04 10:00:00,1869.033528888889
2022-08-04 11:00:00,2340.643128888889
2022-08-04 12:00:00,2369.2544
2022-08-04 13:00:00,2396.621368888889
2022-08-04 14:00:00,2349.482808888889
2022-08-04 15:00:00,2338.4004266666666
2022-08-04 16:00:00,2309.8558577777776
2022-08-04 17:00:00,2250.916551111111
2022-08-04 18:00:00,2283.7546666666667
2022-08-04 19:00:00,2300.6651733333333
2022-08-04 20:00:00,2319.51232
2022-08-04 21:00:00,2258.105031111111
2022-08-04 22:00:00,1940.218311111111
2022-08-04 23:00:00,1943.2561777777778
2022-08-05 00:00:00,1802.3438222222221
2022-08-05 01:00:00,1754.0066133333332
2022-08-05 02:00:00,1773.2689066666667
2022-08-05 03:00:00,1709.043768888889
2022-08-05 04:00:00,1716.1415111111112
2022-08-05 05:00:00,1773.2676266666667
2022-08-05 06:00:00,1720.9975466666667
2022-08-05 07:00:00,1647.3443555555555
2022-08-05 08:00:00,1793.3257955555555
2022-08-05 09:00:00,1928.4041955555556
2022-08-05 10:00:00,1969.36704
2022-08-05 11:00:00,2398.862791111111
2022-08-05 12:00:00,2441.336888888889
2022-08-05 13:00:00,2462.999893333333
2022-08-05 14:00:00,2596.6267733333334
2022-08-05 15:00:00,2649.0467555555556
2022-08-05 16:00:00,2667.539057777778
2022-08-05 17:00:00,2478.9518222222223
2022-08-05 18:00:00,2427.0461155555554
2022-08-05 19:00:00,2521.5633066666664
2022-08-05 20:00:00,2528.001422222222
2022-08-05 21:00:00,2514.613191111111
2022-08-05 22:00:00,2233.30304
2022-08-05 23:00:00,2111.952497777778
2022-08-06 00:00:00,1776.1252977777779
2022-08-06 01:00:00,1772.4673422222222
2022-08-06 02:00:00,1749.9000888888888
2022-08-06 03:00:00,1777.9992177777779
2022-08-06 04:00:00,1743.784391111111
2022-08-06 05:00:00,1775.7320533333334
2022-08-06 06:00:00,1502.3466666666666
2022-08-06 07:00:00,1678.1007644444444
2022-08-06 08:00:00,1888.8847644444445
2022-08-06 09:00:00,1976.2780444444445
2022-08-06 10:00:00,1979.2631466666667
2022-08-06 11:00:00,2473.0626844444446
2022-08-06 12:00:00,2498.622862222222
2022-08-06 13:00:00,2622.3502222222223
2022-08-06 14:00:00,2660.658631111111
2022-08-06 15:00:00,2635.531662222222
2022-08-06 16:00:00,2639.376497777778
2022-08-06 17:00:00,2325.6841955555556
2022-08-06 18:00:00,2374.9033244444445
2022-08-06 19:00:00,2437.326791111111
2022-08-06 20:00:00,2350.0714666666668
2022-08-06 21:00:00,2414.994488888889
2022-08-06 22:00:00,2064.4162844444445
2022-08-06 23:00:00,2081.6048355555554
2022-08-07 00:00:00,1717.6149333333333
2022-08-07 01:00:00,1767.3076622222222
2022-08-07 02:00:00,1790.6121955555554
2022-08-07 03:00:00,1720.3767466666666
2022-08-07 04:00:00,1692.9474844444444
2022-08-07 05:00:00,1805.5042844444445
2022-08-07 06:00:00,1805.0275555555556
2022-08-07 07:00:00,1831.3809066666668
2022-08-07 08:00:00,1885.0813155555556
2022-08-07 09:00:00,1903.8884977777777
2022-08-07 10:00:00,1768.114488888889
2022-08-07 11:00:00,2064.592782222222
2022-08-07 12:00:00,2305.799537777778
2022-08-07 13:00:00,2505.4435555555556
2022-08-07 14:00:00,2579.8545066666666
2022-08-07 15:00:00,2644.585813333333
2022-08-07 16:00:00,2629.9335111111113
2022-08-07 17:00:00,2586.6211555555556
2022-08-07 18:00:00,2545.1958044444445
2022-08-07 19:00:00,2571.765191111111
2022-08-07 20:00:00,2491.580017777778
2022-08-07 21:00:00,2467.9489422222223
2022-08-07 22:00:00,2184.9430755555554
2022-08-07 23:00:00,2199.051377777778
2022-08-08 00:00:00,2138.2429866666666
2022-08-08 01:00:00,2096.89856
2022-08-08 02:00:00,2100.7101155555556
2022-08-08 03:00:00,2094.0861155555554
2022-08-08 04:00:00,2241.521493333333
2022-08-08 05:00:00,2312.1524622222223
2022-08-08 06:00:00,2305.7757866666666
2022-08-08 07:00:00,1978.6268444444445
2022-08-08 08:00:00,2196.128711111111
2022-08-08 09:00:00,2228.4323555555557
2022-08-08 10:00:00,2260.1180444444444
2022-08-08 11:00:00,2658.0912355555556
2022-08-08 12:00:00,2875.64288
2022-08-08 13:00:00,2929.48992
2022-08-08 14:00:00,2698.5807644444444
2022-08-08 15:00:00,2692.58496
2022-08-08 16:00:00,2723.4244266666665
2022-08-08 17:00:00,2503.342648888889
2022-08-08 18:00:00,2344.644693333333
2022-08-08 19:00:00,2802.84672
2022-08-08 20:00:00,2810.8854044444442
2022-08-08 21:00:00,2575.277511111111
2022-08-08 22:00:00,2007.8589155555555
2022-08-08 23:00:00,2362.433991111111
2022-08-09 00:00:00,1941.9652266666667
2022-08-09 01:00:00,1937.1266844444444
2022-08-09 02:00:00,1886.1576533333334
2022-08-09 03:00:00,1872.9338311111112
2022-08-09 04:00:00,1737.6587377777778
2022-08-09 05:00:00,1798.677048888889
2022-08-09 06:00:00,1750.1464177777777
2022-08-09 07:00:00,2098.3759644444444
2022-08-09 08:00:00,2061.4879288888887
2022-08-09 09:00:00,2140.850773333333
2022-08-09 10:00:00,2092.242631111111
2022-08-09 11:00:00,2343.554417777778
2022-08-09 12:00:00,2395.0845155555558
2022-08-09 13:00:00,2523.0782577777777
2022-08-09 14:00:00,2521.9151644444446
2022-08-09 15:00:00,2609.1915377777777
2022-08-09 16:00:00,2665.726293333333
2022-08-09 17:00:00,2425.17504
2022-08-09 18:00:00,2449.2916622222224
2022-08-09 19:00:00,2410.333582222222
2022-08-09 20:00:00,2393.2694755555553
2022-08-09 21:00:00,2491.811271111111
2022-08-09 22:00:00,2442.8404622222224
2022-08-09 23:00:00,2359.2600177777776
2022-08-10 00:00:00,1743.5569777777778
2022-08-10 01:00:00,1670.5386666666666
2022-08-10 02:00:00,1667.9310222222223
2022-08-10 03:00:00,1657.7307022222221
2022-08-10 04:00:00,1661.3504
2022-08-10 05:00:00,1623.8198044444443
2022-08-10 06:00:00,1742.5399466666668
2022-08-10 07:00:00,1852.6249244444443
2022-08-10 08:00:00,2001.0235733333334
2022-08-10 09:00:00,2124.4791466666666
2022-08-10 10:00:00,2096.2498844444444
2022-08-10 11:00:00,2276.40576
2022-08-10 12:00:00,2338.3112533333333
2022-08-10 13:00:00,2483.4835911111113
2022-08-10 14:00:00,2517.4345955555555
2022-08-10 15:00:00,2510.7743288888887
2022-08-10 16:00:00,2491.876408888889
2022-08-10 17:00:00,2246.81856
2022-08-10 18:00:00,2153.8476088888888
2022-08-10 19:00:00,2235.4806044444445
2022-08-10 20:00:00,2294.2382933333333
2022-08-10 21:00:00,2386.0568177777777
2022-08-10 22:00:00,2013.7099377777777
2022-08-10 23:00:00,1978.0391822222223
2022-08-11 00:00:00,1779.5221333333334
2022-08-11 01:00:00,1744.7297422222223
2022-08-11 02:00:00,1579.5347911111112
2022-08-11 03:00:00,1782.6171733333333
2022-08-11 04:00:00,1917.700551111111
2022-08-11 05:00:00,2019.76576
2022-08-11 06:00:00,2279.313351111111
2022-08-11 07:00:00,2550.3547733333335
2022-08-11 08:00:00,2756.535751111111
2022-08-11 09:00:00,2906.4263111111113
2022-08-11 10:00:00,2838.1727288888887
2022-08-11 11:00:00,2821.6814933333335
2022-08-11 12:00:00,2698.875448888889
2022-08-11 13:00:00,2736.6382933333334
2022-08-11 14:00:00,2695.0468266666667
2022-08-11 15:00:00,2836.181048888889
2022-08-11 16:00:00,2677.616071111111
2022-08-11 17:00:00,2741.992391111111
2022-08-11 18:00:00,2715.04128
2022-08-11 19:00:00,2517.1282488888887
2022-08-11 20:00:00,2533.2969244444444
2022-08-11 21:00:00,2596.639288888889
2022-08-11 22:00:00,2298.952391111111
2022-08-11 23:00:00,2311.047111111111
2022-08-12 00:00:00,1807.0520888888889
2022-08-12 01:00:00,1722.1492622222222
2022-08-12 02:00:00,2034.2308977777777
2022-08-12 03:00:00,2046.0865422222223
2022-08-12 04:00:00,2040.2267022222222
2022-08-12 05:00:00,2068.06784
2022-08-12 06:00:00,2087.6093155555554
2022-08-12 07:00:00,2146.4446577777776
2022-08-12 08:00:00,2123.2797866666665
2022-08-12 09:00:00,2192.716373333333
2022-08-12 10:00:00,2112.8189155555556
2022-08-12 11:00:00,2508.5050311111113
2022-08-12 12:00:00,2482.018417777778
2022-08-12 13:00:00,2556.4891022222223
2022-08-12 14:00:00,2618.7986488888887
2022-08-12 15:00:00,2634.9980444444445
2022-08-12 16:00:00,2481.0712177777777
2022-08-12 17:00:00,2299.6322133333333
2022-08-12 18:00:00,2380.4061866666666
2022-08-12 19:00:00,2475.3800533333333
2022-08-12 20:00:00,2511.11936
2022-08-12 21:00:00,2421.690311111111
2022-08-12 22:00:00,2078.1815466666667
2022-08-12 23:00:00,2113.111608888889
2022-08-13 00:00:00,1487.2331377777778
2022-08-13 01:00:00,1461.8249955555555
2022-08-13 02:00:00,1481.8870044444445
2022-08-13 03:00:00,1449.4372977777778
2022-08-13 04:00:00,1430.79808
2022-08-13 05:00:00,1515.5714844444444
2022-08-13 06:00:00,1669.0575644444446
2022-08-13 07:00:00,1927.2981333333332
2022-08-13 08:00:00,2115.3873066666665
2022-08-13 09:00:00,2260.5700266666668
2022-08-13 10:00:00,2325.1841422222224
2022-08-13 11:00:00,2333.2983466666665
2022-08-13 12:00:00,2290.8445866666666
2022-08-13 13:00:00,2403.546168888889
2022-08-13 14:00:00,2422.6269866666667
2022-08-13 15:00:00,2461.375431111111
2022-08-13 16:00:00,2436.886471111111
2022-08-13 17:00:00,2239.2216177777777
2022-08-13 18:00:00,2175.2494933333332
2022-08-13 19:00:00,2132.9801955555554
2022-08-13 20:00:00,2103.755093333333
2022-08-13 21:00:00,2050.5699555555557
2022-08-13 22:00:00,1643.8338844444445
2022-08-13 23:00:00,1709.2398933333334
2022-08-14 00:00:00,1842.4733866666666
2022-08-14 01:00:00,1763.1618844444445
2022-08-14 02:00:00,1704.5021866666666
2022-08-14 03:00:00,1644.9422222222222
2022-08-14 04:00:00,1749.4816711111112
2022-08-14 05:00:00,1760.6839466666668
2022-08-14 06:00:00,1846.2640355555557
2022-08-14 07:00:00,1965.464888888889
2022-08-14 08:00:00,2014.54464
2022-08-14 09:00:00,2059.1998577777777
2022-08-14 10:00:00,1844.680391111111
2022-08-14 11:00:00,2412.4919466666665
2022-08-14 12:00:00,2426.856391111111
2022-08-14 13:00:00,2493.252551111111
2022-08-14 14:00:00,2562.4265955555557
2022-08-14 15:00:00,2653.2027733333334
2022-08-14 16:00:00,2612.37504
2022-08-14 17:00:00,2484.1511822222224
2022-08-14 18:00:00,2485.9630933333333
2022-08-14 19:00:00,2516.0667022222224
2022-08-14 20:00:00,2520.702008888889
2022-08-14 21:00:00,2501.886577777778
2022-08-14 22:00:00,2104.909368888889
2022-08-14 23:00:00,2115.4389333333334
2022-08-15 00:00:00,1543.4460444444444
2022-08-15 01:00:00,1510.4823466666667
2022-08-15 02:00:00,1423.0832355555556
2022-08-15 03:00:00,1444.8867555555555
2022-08-15 04:00:00,1343.5548444444444
2022-08-15 05:00:00,1149.3890844444445
2022-08-15 06:00:00,1876.768
2022-08-15 07:00:00,1853.5435377777778
2022-08-15 08:00:00,1822.28736
2022-08-15 09:00:00,1893.1413333333333
2022-08-15 10:00:00,1850.3003022222222
2022-08-15 11:00:00,2337.0517333333332
2022-08-15 12:00:00,2374.094222222222
2022-08-15 13:00:00,2362.4948622222223
2022-08-15 14:00:00,2378.815146666667
2022-08-15 15:00:00,2347.0818133333332
2022-08-15 16:00:00,2307.614151111111
2022-08-15 17:00:00,2131.9133866666666
2022-08-15 18:00:00,2169.5853511111113
2022-08-15 19:00:00,2209.6696888888887
2022-08-15 20:00:00,2181.505422222222
2022-08-15 21:00:00,2185.509973333333
2022-08-15 22:00:00,1735.5409066666666
2022-08-15 23:00:00,1732.8590222222222
2022-08-16 00:00:00,1706.3210666666666
2022-08-16 01:00:00,1726.65472
2022-08-16 02:00:00,1708.5987555555555
2022-08-16 03:00:00,1674.0943644444444
2022-08-16 04:00:00,1671.1988622222223
2022-08-16 05:00:00,1577.454791111111
2022-08-16 06:00:00,1857.2286577777777
2022-08-16 07:00:00,1742.8107377777778
2022-08-16 08:00:00,1774.6306844444443
2022-08-16 09:00:00,1789.6719644444445
2022-08-16 10:00:00,1758.9020444444445
2022-08-16 11:00:00,2120.568746666667
2022-08-16 12:00:00,2243.722951111111
2022-08-16 13:00:00,2217.0433422222222
2022-08-16 14:00:00,2340.3926755555553
2022-08-16 15:00:00,2338.92096
2022-08-16 16:00:00,2391.0522311111113
2022-08-16 17:00:00,2253.623182222222
2022-08-16 18:00:00,2324.68736
2022-08-16 19:00:00,2321.8356622222223
2022-08-16 20:00:00,2373.209031111111
2022-08-16 21:00:00,2347.445333333333
2022-08-16 22:00:00,1897.7450666666666
2022-08-16 23:00:00,1872.2818844444444
2022-08-17 00:00:00,1809.472
2022-08-17 01:00:00,1792.3534222222222
2022-08-17 02:00:00,1754.8926577777777
2022-08-17 03:00:00,1755.1607466666667
2022-08-17 04:00:00,1725.157688888889
2022-08-17 05:00:00,1705.8685155555556
2022-08-17 06:00:00,1978.3266133333334
2022-08-17 07:00:00,2096.8888888888887
2022-08-17 08:00:00,2380.586097777778
2022-08-17 09:00:00,2145.834951111111
2022-08-17 10:00:00,2248.73728
2022-08-17 11:00:00,2666.398151111111
2022-08-17 12:00:00,2654.2085688888887
2022-08-17 13:00:00,2699.249208888889
2022-08-17 14:00:00,2722.1856711111113
2022-08-17 15:00:00,2719.5195733333335
2022-08-17 16:00:00,2762.658986666667
2022-08-17 17:00:00,2568.465351111111
2022-08-17 18:00:00,2592.818062222222
2022-08-17 19:00:00,2568.3746133333334
2022-08-17 20:00:00,2679.6123022222223
2022-08-17 21:00:00,2739.752391111111
2022-08-17 22:00:00,2154.161351111111
2022-08-17 23:00:00,2170.5692444444444
2022-08-18 00:00:00,1665.7489066666667
2022-08-18 01:00:00,1685.0651022222223
2022-08-18 02:00:00,1678.0865422222223
2022-08-18 03:00:00,1553.583928888889
2022-08-18 04:00:00,1422.8643555555554
2022-08-18 05:00:00,1878.880568888889
2022-08-18 06:00:00,2071.5784533333335
2022-08-18 07:00:00,2114.2582044444443
2022-08-18 08:00:00,2191.294862222222
2022-08-18 09:00:00,2201.4293333333335
2022-08-18 10:00:00,1799.0020266666668
2022-08-18 11:00:00,2246.7581155555554
2022-08-18 12:00:00,2398.46912
2022-08-18 13:00:00,2374.1750044444443
2022-08-18 14:00:00,2398.2683022222222
2022-08-18 15:00:00,2405.6095288888887
2022-08-18 16:00:00,2315.5009422222224
2022-08-18 17:00:00,2209.265066666667
2022-08-18 18:00:00,2350.831217777778
2022-08-18 19:00:00,2214.9176888888887
2022-08-18 20:00:00,2261.1409066666665
2022-08-18 21:00:00,2448.017351111111
2022-08-18 22:00:00,1949.6544711111112
2022-08-18 23:00:00,1902.8579555555555
2022-08-19 00:00:00,2074.6625422222223
2022-08-19 01:00:00,2042.2229333333332
2022-08-19 02:00:00,2005.3078755555555
2022-08-19 03:00:00,1992.41344
2022-08-19 04:00:00,1930.7160177777778
2022-08-19 05:00:00,1996.4195555555555
2022-08-19 06:00:00,2034.457031111111
2022-08-19 07:00:00,2086.63552
2022-08-19 08:00:00,2143.13216
2022-08-19 09:00:00,2196.88832
2022-08-19 10:00:00,2112.3017955555556
2022-08-19 11:00:00,2456.395662222222
2022-08-19 12:00:00,2501.476977777778
2022-08-19 13:00:00,2548.627342222222
2022-08-19 14:00:00,2568.0807822222223
2022-08-19 15:00:00,2454.865351111111
2022-08-19 16:00:00,2425.455502222222
2022-08-19 17:00:00,2314.53056
2022-08-19 18:00:00,2323.936853333333
2022-08-19 19:00:00,2360.4404622222223
2022-08-19 20:00:00,2530.4391111111113
2022-08-19 21:00:00,2801.6688355555557
2022-08-19 22:00:00,2505.242168888889
2022-08-19 23:00:00,2762.4305777777777
2022-08-20 00:00:00,1996.82048
2022-08-20 01:00:00,2143.425991111111
2022-08-20 02:00:00,2138.887111111111
2022-08-20 03:00:00,2272.467057777778
2022-08-20 04:00:00,2227.13472
2022-08-20 05:00:00,2141.185848888889
2022-08-20 06:00:00,2341.0908444444444
2022-08-20 07:00:00,2211.9207822222224
2022-08-20 08:00:00,2224.89856
2022-08-20 09:00:00,2357.4491022222223
2022-08-20 10:00:00,2395.748977777778
2022-08-20 11:00:00,2906.2229333333335
2022-08-20 12:00:00,2842.1168355555556
2022-08-20 13:00:00,2820.231111111111
2022-08-20 14:00:00,2871.2712533333333
2022-08-20 15:00:00,2932.039111111111
2022-08-20 16:00:00,2923.598791111111
2022-08-20 17:00:00,2669.43232
2022-08-20 18:00:00,2677.2542577777776
2022-08-20 19:00:00,2717.8493155555557
2022-08-20 20:00:00,2735.3517511111113
2022-08-20 21:00:00,2746.682311111111
2022-08-20 22:00:00,2466.9294933333335
2022-08-20 23:00:00,2544.556088888889
2022-08-21 00:00:00,1773.50272
2022-08-21 01:00:00,1776.7451022222222
2022-08-21 02:00:00,1688.8497777777777
2022-08-21 03:00:00,1777.7716622222222
2022-08-21 04:00:00,1815.2758044444445
2022-08-21 05:00:00,1766.385351111111
2022-08-21 06:00:00,2171.7661866666667
2022-08-21 07:00:00,2177.192106666667
2022-08-21 08:00:00,2312.39936
2022-08-21 09:00:00,2691.727928888889
2022-08-21 10:00:00,2224.4145777777776
2022-08-21 11:00:00,2644.911217777778
2022-08-21 12:00:00,2602.61888
2022-08-21 13:00:00,2636.49792
2022-08-21 14:00:00,2536.00256
2022-08-21 15:00:00,2602.5366755555556
2022-08-21 16:00:00,2632.6141155555556
2022-08-21 17:00:00,2315.432391111111
2022-08-21 18:00:00,2328.281031111111
2022-08-21 19:00:00,2537.06752
2022-08-21 20:00:00,2570.05824
2022-08-21 21:00:00,2537.975751111111
2022-08-21 22:00:00,2142.1366044444444
2022-08-21 23:00:00,2189.649066666667
2022-08-22 00:00:00,1798.8352
2022-08-22 01:00:00,1828.072248888889
2022-08-22 02:00:00,1686.0209777777777
2022-08-22 03:00:00,1766.500551111111
2022-08-22 04:00:00,1739.49312
2022-08-22 05:00:00,1829.6905955555555
2022-08-22 06:00:00,1989.2228266666666
2022-08-22 07:00:00,2084.6267733333334
2022-08-22 08:00:00,2124.8399644444444
2022-08-22 09:00:00,2182.323911111111
2022-08-22 10:00:00,2161.4274844444444
2022-08-22 11:00:00,2746.8546844444445
2022-08-22 12:00:00,2729.896391111111
2022-08-22 13:00:00,2816.19712
2022-08-22 14:00:00,2742.273706666667
2022-08-22 15:00:00,2756.316728888889
2022-08-22 16:00:00,2752.5603555555554
2022-08-22 17:00:00,2533.7366755555554
2022-08-22 18:00:00,2584.6024533333334
2022-08-22 19:00:00,2511.553137777778
2022-08-22 20:00:00,2537.8332444444445
2022-08-22 21:00:00,2494.6901333333335
2022-08-22 22:00:00,1971.8168177777777
2022-08-22 23:00:00,2005.840071111111
2022-08-23 00:00:00,1760.7227733333334
2022-08-23 01:00:00,1850.1162666666667
2022-08-23 02:00:00,1781.4000355555556
2022-08-23 03:00:00,1762.8100266666668
2022-08-23 04:00:00,1857.7059555555556
2022-08-23 05:00:00,2067.1350044444443
2022-08-23 06:00:00,2136.7341511111113
2022-08-23 07:00:00,2120.7075555555557
2022-08-23 08:00:00,2029.6445155555555
2022-08-23 09:00:00,2257.9767466666667
2022-08-23 10:00:00,2181.285262222222
2022-08-23 11:00:00,2548.048782222222
2022-08-23 12:00:00,2559.116231111111
2022-08-23 13:00:00,2561.7180444444443
2022-08-23 14:00:00,2590.5405155555554
2022-08-23 15:00:00,2640.5993244444444
2022-08-23 16:00:00,2651.011128888889
2022-08-23 17:00:00,2359.9896177777778
2022-08-23 18:00:00,2414.5447822222222
2022-08-23 19:00:00,2417.672248888889
2022-08-23 20:00:00,2401.885297777778
2022-08-23 21:00:00,2384.0942933333336
2022-08-23 22:00:00,2002.4860444444444
2022-08-23 23:00:00,2105.1313777777777
2022-08-24 00:00:00,1599.151928888889
2022-08-24 01:00:00,1467.0552177777777
2022-08-24 02:00:00,1500.1786311111111
2022-08-24 03:00:00,1498.1014755555555
2022-08-24 04:00:00,1516.1378133333333
2022-08-24 05:00:00,1487.423431111111
2022-08-24 06:00:00,1620.9831822222222
2022-08-24 07:00:00,1613.0167466666667
2022-08-24 08:00:00,1913.9303822222223
2022-08-24 09:00:00,1896.7452444444446
2022-08-24 10:00:00,1827.4030933333333
2022-08-24 11:00:00,2299.1145244444447
2022-08-24 12:00:00,2294.611626666667
2022-08-24 13:00:00,2410.5093688888887
2022-08-24 14:00:00,2394.6837333333333
2022-08-24 15:00:00,2301.8474666666666
2022-08-24 16:00:00,2299.157902222222
2022-08-24 17:00:00,2061.4792533333334
2022-08-24 18:00:00,2042.9395911111112
2022-08-24 19:00:00,2153.7271466666666
2022-08-24 20:00:00,2249.554062222222
2022-08-24 21:00:00,2230.79808
2022-08-24 22:00:00,1492.6254933333332
2022-08-24 23:00:00,1499.2510577777778
2022-08-25 00:00:00,1240.3518577777777
2022-08-25 01:00:00,1263.9150933333333
2022-08-25 02:00:00,1229.37472
2022-08-25 03:00:00,1168.0605155555556
2022-08-25 04:00:00,1215.9607466666666
2022-08-25 05:00:00,1571.6189866666666
2022-08-25 06:00:00,1908.8443733333334
2022-08-25 07:00:00,2056.5589333333332
2022-08-25 08:00:00,2023.7583644444444
2022-08-25 09:00:00,1969.3040355555556
2022-08-25 10:00:00,2054.971022222222
2022-08-25 11:00:00,2292.415288888889
2022-08-25 12:00:00,2251.0677333333333
2022-08-25 13:00:00,2256.8775111111113
2022-08-25 14:00:00,2286.5437866666666
2022-08-25 15:00:00,2271.49568
2022-08-25 16:00:00,2274.2759822222224
2022-08-25 17:00:00,2207.8318933333335
2022-08-25 18:00:00,2257.0902755555558
2022-08-25 19:00:00,2212.954168888889
2022-08-25 20:00:00,2261.146026666667
2022-08-25 21:00:00,2279.9776711111112
2022-08-25 22:00:00,1793.2081777777778
2022-08-25 23:00:00,1949.87264
2022-08-26 00:00:00,1516.8989866666666
2022-08-26 01:00:00,1545.105351111111
2022-08-26 02:00:00,1455.867591111111
2022-08-26 03:00:00,1456.8571733333333
2022-08-26 04:00:00,1425.0648177777778
2022-08-26 05:00:00,1394.4459377777778
2022-08-26 06:00:00,1725.2393244444445
2022-08-26 07:00:00,1658.1986133333332
2022-08-26 08:00:00,1597.4183822222221
2022-08-26 09:00:00,1901.0985244444444
2022-08-26 10:00:00,2017.72544
2022-08-26 11:00:00,2297.12256
2022-08-26 12:00:00,2330.399288888889
2022-08-26 13:00:00,2316.2788977777777
2022-08-26 14:00:00,2321.79584
2022-08-26 15:00:00,2342.15296
2022-08-26 16:00:00,2240.972657777778
2022-08-26 17:00:00,2142.4489244444444
2022-08-26 18:00:00,2146.4248888888887
2022-08-26 19:00:00,2139.4915555555554
2022-08-26 20:00:00,2216.73472
2022-08-26 21:00:00,2158.911288888889
2022-08-26 22:00:00,1646.3550577777778
2022-08-26 23:00:00,1797.9032177777779
2022-08-27 00:00:00,1286.373831111111
2022-08-27 01:00:00,1264.6030222222223
2022-08-27 02:00:00,1292.2658133333334
2022-08-27 03:00:00,1315.6757333333333
2022-08-27 04:00:00,1327.489848888889
2022-08-27 05:00:00,1339.6730311111112
2022-08-27 06:00:00,1840.23168
2022-08-27 07:00:00,2152.558648888889
2022-08-27 08:00:00,2229.2544
2022-08-27 09:00:00,2215.8244977777777
2022-08-27 10:00:00,2096.731591111111
2022-08-27 11:00:00,2465.3129955555555
2022-08-27 12:00:00,2471.3028266666665
2022-08-27 13:00:00,2548.88192
2022-08-27 14:00:00,2516.0277333333333
2022-08-27 15:00:00,2505.654613333333
2022-08-27 16:00:00,2538.1723022222222
2022-08-27 17:00:00,2323.4602666666665
2022-08-27 18:00:00,2278.9168355555557
2022-08-27 19:00:00,2321.4109866666668
2022-08-27 20:00:00,2469.724728888889
2022-08-27 21:00:00,2535.260728888889
2022-08-27 22:00:00,1931.0793955555555
2022-08-27 23:00:00,1977.435448888889
2022-08-28 00:00:00,1811.8040177777777
2022-08-28 01:00:00,1814.8686222222223
2022-08-28 02:00:00,1885.8929777777778
2022-08-28 03:00:00,1889.1906844444445
2022-08-28 04:00:00,1902.8508444444444
2022-08-28 05:00:00,1889.6725333333334
2022-08-28 06:00:00,2054.689991111111
2022-08-28 07:00:00,2082.7746133333335
2022-08-28 08:00:00,2141.600711111111
2022-08-28 09:00:00,2186.9122844444446
2022-08-28 10:00:00,1964.312888888889
2022-08-28 11:00:00,2567.7616355555556
2022-08-28 12:00:00,2566.9686044444443
2022-08-28 13:00:00,2595.0390044444443
2022-08-28 14:00:00,2664.771128888889
2022-08-28 15:00:00,2719.374222222222
2022-08-28 16:00:00,2720.3720533333335
2022-08-28 17:00:00,2451.8485333333333
2022-08-28 18:00:00,2442.176
2022-08-28 19:00:00,2464.6912
2022-08-28 20:00:00,2543.823928888889
2022-08-28 21:00:00,2564.0621511111112
2022-08-28 22:00:00,2086.3657244444444
2022-08-28 23:00:00,2051.6650666666665
2022-08-29 00:00:00,1741.0742044444444
2022-08-29 01:00:00,1817.9400533333333
2022-08-29 02:00:00,1818.6491733333332
2022-08-29 03:00:00,1819.788088888889
2022-08-29 04:00:00,1848.06784
2022-08-29 05:00:00,1812.00512
2022-08-29 06:00:00,2214.4836266666666
2022-08-29 07:00:00,2355.413048888889
2022-08-29 08:00:00,2336.416
2022-08-29 09:00:00,2505.946737777778
2022-08-29 10:00:00,2480.4380444444446
2022-08-29 11:00:00,2746.246257777778
2022-08-29 12:00:00,2758.483911111111
2022-08-29 13:00:00,2764.201813333333
2022-08-29 14:00:00,2745.0308266666666
2022-08-29 15:00:00,2792.2571377777776
2022-08-29 16:00:00,2644.504177777778
2022-08-29 17:00:00,2498.391608888889
2022-08-29 18:00:00,2473.70496
2022-08-29 19:00:00,2504.8888888888887
2022-08-29 20:00:00,2594.6282666666666
2022-08-29 21:00:00,2594.0295111111113
2022-08-29 22:00:00,2034.1661866666666
2022-08-29 23:00:00,2073.335608888889
2022-08-30 00:00:00,1685.0204444444444
2022-08-30 01:00:00,1733.2167111111112
2022-08-30 02:00:00,1739.5273955555556
2022-08-30 03:00:00,1803.0934755555556
2022-08-30 04:00:00,1878.3978666666667
2022-08-30 05:00:00,1872.012088888889
2022-08-30 06:00:00,1956.0342755555555
2022-08-30 07:00:00,2048.7813688888887
2022-08-30 08:00:00,2216.8287288888887
2022-08-30 09:00:00,2172.69632
2022-08-30 10:00:00,2186.1351822222223
2022-08-30 11:00:00,2399.780693333333
2022-08-30 12:00:00,2375.1025777777777
2022-08-30 13:00:00,2412.101688888889
2022-08-30 14:00:00,2405.74976
2022-08-30 15:00:00,2453.407288888889
2022-08-30 16:00:00,2480.5407288888887
2022-08-30 17:00:00,2496.80896
2022-08-30 18:00:00,2332.7424
2022-08-30 19:00:00,2361.570275555556
2022-08-30 20:00:00,2373.461048888889
2022-08-30 21:00:00,2363.6869688888887
2022-08-30 22:00:00,1926.0900977777778
2022-08-30 23:00:00,1879.1106844444444
2022-08-31 00:00:00,1712.6990222222223
2022-08-31 01:00:00,1780.5267911111112
2022-08-31 02:00:00,1775.813831111111
2022-08-31 03:00:00,1799.95392
2022-08-31 04:00:00,1714.1835377777777
2022-08-31 05:00:00,1753.4016
2022-08-31 06:00:00,2160.2377955555557
2022-08-31 07:00:00,2167.2348444444447
2022-08-31 08:00:00,2280.5165511111113
2022-08-31 09:00:00,2320.91136
2022-08-31 10:00:00,2242.6255644444445
2022-08-31 11:00:00,2630.5536
2022-08-31 12:00:00,2664.057457777778
2022-08-31 13:00:00,2713.516942222222
2022-08-31 14:00:00,2671.91552
2022-08-31 15:00:00,2607.865457777778
2022-08-31 16:00:00,2660.8833422222224
2022-08-31 17:00:00,2531.17184
2022-08-31 18:00:00,2674.712177777778
2022-08-31 19:00:00,2671.6068977777777
2022-08-31 20:00:00,2772.803697777778
2022-08-31 21:00:00,2764.071537777778
2022-08-31 22:00:00,2435.6912355555555
2022-08-31 23:00:00,2377.877191111111