date,tavg,tmin,tmax,prcp,snow,wdir,wspd,wpgt,pres,tsun
2018-01-01,8.6,3.4,13,0,,,,,,
2018-01-02,12.3,8.6,15.4,0,,,,,,
2018-01-03,11.2,10,,8.1,10,,,,,
2018-01-04,10.3,7.4,12.6,13.5,10,,,,,
2018-01-05,9.9,,12.9,1.8,,,,,,
2018-01-06,8.7,4.2,13.2,0,,,,,,
2018-01-07,12.5,7.2,17.1,0,,,,,,
2018-01-08,11.8,,16.7,0,,,,,,
2018-01-09,10.8,7.2,15,0,,,,,,
2018-01-10,10.8,7,14.3,0,,,,,,
2018-01-11,13.2,10.8,16.3,2,,,,,,
2018-01-12,13.1,,15.6,22.9,10,,,,,
2018-01-13,10.6,,11.7,0,,,,,,
2018-01-14,8.6,,11.8,14.7,,,,,,
2018-01-15,7.4,3.4,11,0,,,,,,
2018-01-16,9.7,6.8,10.9,0,,,,,,
2018-01-17,12.6,8.9,,5.6,,,,,,
2018-01-18,9.3,,,9.9,10,,,,,
2018-01-19,6.9,1.7,12.2,1.8,,,,,,
2018-01-20,11.1,5.4,14.3,0,,,,,,
2018-01-21,14.3,,16,1,,,,,,
2018-01-22,10.7,,12.3,8.9,10,,,,,
2018-01-23,7.4,5.6,10.6,7.6,,,,,,
2018-01-24,6.5,,8.9,0,,,,,,
2018-01-25,5.3,3.7,8.5,0,,,,,,
2018-01-26,5.8,2.9,9.9,0,,,,,,
2018-01-27,6.1,1.6,11,0,,,,,,
2018-01-28,6.9,2.2,11.4,0,,,,,,
2018-01-29,7.1,1.7,12.9,0,,,,,,
2018-01-30,8.9,3.9,15.6,0,,,,,,
2018-01-31,9.6,4.4,15.5,0,,,,,,
2018-02-01,12.9,7.5,17.6,0,,,,,,
2018-02-02,14.6,12.9,16.9,0,,,,,,
2018-02-03,14.6,,16.4,0.5,,,,,,
2018-02-04,16.2,14.3,18.1,0,,,,,,
2018-02-05,12.5,,,10.4,,,,,,
2018-02-06,10.6,,14.4,3,,,,,,
2018-02-07,14.4,7.9,19.2,0,,,,,,
2018-02-08,16.2,,20,0,,,,,,
2018-02-09,13.4,10.8,17.8,0,,,,,,
2018-02-10,13.2,11.1,,1.8,,,,,,
2018-02-11,14.2,,17.6,14.2,,,,,,
2018-02-12,10.1,,14.7,3.6,,,,,,
2018-02-13,10.8,5.2,15.4,2.8,,,,,,
2018-02-14,12.3,8.9,16.7,15.7,,,,,,
2018-02-15,10.3,,12.5,8.9,,,,,,
2018-02-16,11.5,7.3,16.4,18.3,,,,,,
2018-02-17,10.6,7,15.1,0,,,,,,
2018-02-18,10.4,5.8,15.5,0,,,,,,
2018-02-19,11.1,8,14.9,0,,,,,,
2018-02-20,11.1,9.3,12.6,0.5,,,,,,
2018-02-21,13.1,10.7,17.2,1.5,,,,,,
2018-02-22,13.5,,17.1,7.6,,,,,,
2018-02-23,12.5,8.7,16.9,2,,,,,,
2018-02-24,10.7,7.8,15.5,0,,,,,,
2018-02-25,10.3,,13.4,20.6,,,,,,
2018-02-26,10.2,6.8,13.5,0,,,,,,
2018-02-27,12.7,8.3,17.9,11.9,,,,,,
2018-02-28,12.4,,17.8,8.9,,,,,,
2018-03-01,8.4,3.6,12.5,11.2,,,,,,
2018-03-02,12.7,6.4,16.5,0,,,,,,
2018-03-03,17.6,13.5,21.6,0.3,,,,,,
2018-03-04,17.6,15.1,21.4,1.8,,,,,,
2018-03-05,17.5,13.9,22.5,0,,,,,,
2018-03-06,17.7,15.3,21.2,0.5,,,,,,
2018-03-07,19,15.7,22.9,0,,,,,,
2018-03-08,17.4,,19.7,0,,,,,,
2018-03-09,15.4,12.5,19,0,,,,,,
2018-03-10,14.1,9.2,18.5,0,,,,,,
2018-03-11,15.6,9.8,22,0,,,,,,
2018-03-12,16.6,13,20.6,0,,,,,,
2018-03-13,16.9,14.7,20.8,0,,,,,,
2018-03-14,16.2,13.1,20.7,2.5,,,,,,
2018-03-15,14.4,,19.1,11.7,,,,,,
2018-03-16,14.5,9.8,19.3,0,,,,,,
2018-03-17,18.3,13.7,22.3,0,,,,,,
2018-03-18,19.4,,22.6,0.3,,,,,,
2018-03-19,17.7,15.1,22.6,0,,,,,,
2018-03-20,16.5,,20.3,0.8,,,,,,
2018-03-21,16.2,10.9,20.7,0,,,,,,
2018-03-22,19.7,14.8,23.7,0,,,,,,
2018-03-23,17.7,,,0,,,,,,
2018-03-24,13.1,9.7,18.1,6.6,,,,,,
2018-03-25,13.8,10.3,17.4,13.5,,,,,,
2018-03-26,17.6,13.6,20.9,0.3,,,,,,
2018-03-27,16.8,13.6,21,0,,,,,,
2018-03-28,16.1,,20.5,0,,,,,,
2018-03-29,11,,13.9,0,,,,,,
2018-03-30,12.6,5.3,19.3,2,,,,,,
2018-03-31,16.9,9.8,22.8,0,,,,,,
2018-04-01,18.5,13.8,24,0.3,,,,,,
2018-04-02,16.1,,19.3,1.8,,,,,,
2018-04-03,16.3,8.9,22.2,0,,,,,,
2018-04-04,16,9.7,22.5,0,,,,,,
2018-04-05,16.9,9.4,24.4,0,,,,,,
2018-04-06,17.3,11.6,23.3,0,,,,,,
2018-04-07,16.4,,20.6,0,,,,,,
2018-04-08,15.2,11.1,19.6,2,,,,,,
2018-04-09,16.1,12.2,21.1,0,,,,,,
2018-04-10,17.8,11.7,23.6,0,,,,,,
2018-04-11,17.4,13.7,22.2,0,,,,,,
2018-04-12,19.3,14,26.1,0,,,,,,
2018-04-13,20.1,13.3,27.6,0,,,,,,
2018-04-14,19.9,13.2,26.5,0,,,,,,
2018-04-15,20.7,13.4,26.5,0,,,,,,
2018-04-16,22.4,17.1,27.7,0,,,,,,
2018-04-17,19.9,,24.2,0,,,,,,
2018-04-18,19.3,13.4,25.6,0,,,,,,
2018-04-19,19,14.2,24.5,0,,,,,,
2018-04-20,18,,23.8,0,,,,,,
2018-04-21,17.4,12.1,22.8,0,,,,,,
2018-04-22,17.7,10,23.3,0,,,,,,
2018-04-23,19.1,12.2,26.9,0,,,,,,
2018-04-24,20.2,12.6,26.9,0,,,,,,
2018-04-25,21.8,13.8,29.4,0,,,,,,
2018-04-26,22.2,14.7,29,0,,,,,,
2018-04-27,22.7,15,29.7,0,,,,,,
2018-04-28,24.9,17.4,30.7,0,,,,,,
2018-04-29,23.3,17.5,30,0,,,,,,
2018-04-30,22.1,16.8,26.6,0,,,,,,
2018-05-01,23.3,18.2,30.4,0,,,,,,
2018-05-02,24.2,18.2,30.4,0,,,,,,
2018-05-03,25.6,19.5,32.7,0,,,,,,
2018-05-04,26.7,21.3,32.2,0,,,,,,
2018-05-05,25.3,21,30.8,0.3,,,,,,
2018-05-06,19.2,16.2,23.3,11.2,,,,,,
2018-05-07,20.3,16,24.3,8.1,,,,,,
2018-05-08,21.3,16.8,25.4,0,,,,,,
2018-05-09,22.3,15.8,28.3,0,,,,,,
2018-05-10,23.3,17.7,29.2,0,,,,,,
2018-05-11,20.9,17.2,25.2,0.5,,,,,,
2018-05-12,20.6,,25.2,0,,,,,,
2018-05-13,19.3,13.6,23.5,0,,,,,,
2018-05-14,21.6,13.9,28.2,0,,,,,,
2018-05-15,24.8,17.4,31.7,0,,,,,,
2018-05-16,26.5,19.4,33.4,0,,,,,,
2018-05-17,27,21.9,33.8,0,,,,,,
2018-05-18,26.1,21.7,31.2,0,,,,,,
2018-05-19,27.7,21.8,34.1,0,,,,,,
2018-05-20,25.6,20,29.8,0,,,,,,
2018-05-21,25.7,21.3,29.5,0,,,,,,
2018-05-22,24.6,21.2,27.9,0,,,,,,
2018-05-23,23.7,19.7,28.2,0,,,,,,
2018-05-24,24.2,20.3,28.2,0,,,,,,
2018-05-25,22.8,19.1,26.6,0,,,,,,
2018-05-26,24.6,20.2,30.7,0,,,,,,
2018-05-27,24,20.9,27.6,1.8,,,,,,
2018-05-28,24.4,20.7,30.2,0,,,,,,
2018-05-29,24.7,20.3,30.8,0,,,,,,
2018-05-30,24.7,20.5,29.9,0,,,,,,
2018-05-31,24,20.8,28.2,0,,,,,,
2018-06-01,25,17.2,30.3,0,,,,,,
2018-06-02,26.9,21.9,32.8,0,,,,,,
2018-06-03,24.1,19,28.7,0,,,,,,
2018-06-04,24.6,16.2,30.9,0,,,,,,
2018-06-05,26.6,19.9,32.7,0,,,,,,
2018-06-06,29.3,22.2,35.9,0,,,,,,
2018-06-07,28.6,,35,0,,,,,,
2018-06-08,27.8,22.9,32.9,0,,,,,,
2018-06-09,29.7,22.6,38.1,0,,,,,,
2018-06-10,26.1,21,29.8,0,,,,,,
2018-06-11,25.7,22.5,30,0.3,,,,,,
2018-06-12,26.9,,33.4,0,,,,,,
2018-06-13,26.1,19.2,31.9,0,,,,,,
2018-06-14,29.1,21,35.9,0,,,,,,
2018-06-15,29.7,25,35.5,0,,,,,,
2018-06-16,25.3,,30.4,0.3,,,,,,
2018-06-17,24.5,21.8,29,0,,,,,,
2018-06-18,25.4,20.4,30,0,,,,,,
2018-06-19,25.6,,31.4,0,,,,,,
2018-06-20,25.8,22.6,29.5,0,,,,,,
2018-06-21,24.8,21.1,29.4,0,,,,,,
2018-06-22,25,21.8,29.5,4.1,,,,,,
2018-06-23,26.9,22,32.3,1.8,,,,,,
2018-06-24,25.9,22.4,29,0,,,,,,
2018-06-25,26.3,22.4,30,0,,,,,,
2018-06-26,26.1,21,32,0,,,,,,
2018-06-27,25.5,21.7,30.5,0.5,,,,,,
2018-06-28,24.6,22,29.1,0.3,,,,,,
2018-06-29,24.2,20.3,28.5,5.8,,,,,,
2018-06-30,25.4,21.4,30.1,0,,,,,,
2018-07-01,26.6,20.4,31.4,0,,,,,,
2018-07-02,28.6,21.4,33.9,0,,,,,,
2018-07-03,29.8,21.7,35.5,0,,,,,,
2018-07-04,31.3,24.7,37.9,0,,,,,,
2018-07-05,29.7,23.7,34.6,0,,,,,,
2018-07-06,29.6,24.8,34.4,0,,,,,,
2018-07-07,29.7,24.4,33.8,0,,,,,,
2018-07-08,27.9,24.4,32.1,0,,,,,,
2018-07-09,27.8,24.7,31.9,0,,,,,,
2018-07-10,26.8,23,30.3,0,,,,,,
2018-07-11,27.6,24,31.1,0,,,,,,
2018-07-12,29.1,24.5,33.6,0,,,,,,
2018-07-13,30.1,24.5,36.6,0,,,,,,
2018-07-14,30.2,26,34.7,0,,,,,,
2018-07-15,29.5,25.6,33.5,0,,,,,,
2018-07-16,28.8,25.1,34.3,0,,,,,,
2018-07-17,29.9,23,36.5,0,,,,,,
2018-07-18,28.6,25.1,32.5,0,,,,,,
2018-07-19,27.8,24.4,31.4,0,,,,,,
2018-07-20,28.1,23.8,32.9,0,,,,,,
2018-07-21,29.3,26.2,32.6,0,,,,,,
2018-07-22,29.7,25.1,33.7,0,,,,,,
2018-07-23,31.5,25.9,36.8,0,,,,,,
2018-07-24,28,25.3,31.8,0,,,,,,
2018-07-25,27.8,24.6,31.5,0,,,,,,
2018-07-26,27.9,25,32.1,0,,,,,,
2018-07-27,27.5,23.2,32.7,0,,,,,,
2018-07-28,27.6,22.7,31.8,0,,,,,,
2018-07-29,28.9,24,32.3,0,,,,,,
2018-07-30,29.4,25.2,32.8,0,,,,,,
2018-07-31,29.3,24.6,33.8,0,,,,,,
2018-08-01,30.3,25.8,34,0,,,,,,
2018-08-02,30.8,26.6,34.4,0,,,,,,
2018-08-03,31.6,27.2,37.1,0,,,,,,
2018-08-04,30.1,,36.9,0.3,,,,,,
2018-08-05,29.7,25.7,33.4,0,,,,,,
2018-08-06,30.2,26,33.9,0,,,,,,
2018-08-07,29.6,25.2,33.3,0,,,,,,
2018-08-08,30.8,24.2,37.6,0,,,,,,
2018-08-09,31.6,27.3,36.5,0,,,,,,
2018-08-10,31.2,27,37.3,0,,,,,,
2018-08-11,30.1,25.8,36.1,0,,,,,,
2018-08-12,28.2,23.8,32.3,0,,,,,,
2018-08-13,27.2,22.8,31.3,0,,,,,,
2018-08-14,27.4,23.2,31.5,0,,,,,,
2018-08-15,27.4,23.1,31.9,0,,,,,,
2018-08-16,27.5,23.2,32.4,0,,,,,,
2018-08-17,27.2,23.7,32.6,0,,,,,,
2018-08-18,28.8,23.5,32.9,0,,,,,,
2018-08-19,31.7,26.6,38.7,0,,,,,,
2018-08-20,29.9,26.6,33.2,0,,,,,,
2018-08-21,28.1,24.1,31.5,0,,,,,,
2018-08-22,28.1,23.8,31.2,0,,,,,,
2018-08-23,28.4,25.2,32.7,0,,,,,,
2018-08-24,27.7,23.3,33.2,0,,,,,,
2018-08-25,27.4,23,33.8,0,,,,,,
2018-08-26,26.9,23.8,31,0,,,,,,
2018-08-27,27.3,22.3,32.9,0,,,,,,
2018-08-28,27.1,23.5,31.8,0.5,,,,,,
2018-08-29,28.6,23.2,33.1,0,,,,,,
2018-08-30,29.5,25.9,34.2,0,,,,,,
2018-08-31,29.2,24.5,32.9,0,,,,,,
2018-09-01,28.8,24.8,33.7,0,,,,,,
2018-09-02,28.8,24.1,33,0,,,,,,
2018-09-03,28.6,25.2,32.5,0,,,,,,
2018-09-04,28.2,23.3,32.8,0,,,,,,
2018-09-05,27.2,23.2,32,0,,,,,,
2018-09-06,25.9,22.8,29.5,0,,,,,,
2018-09-07,26.4,21.2,31,0,,,,,,
2018-09-08,26.4,21,31.8,0,,,,,,
2018-09-09,27.3,23.6,32.2,0,,,,,,
2018-09-10,26.7,22.6,30.8,0,,,,,,
2018-09-11,25.7,20,30.6,0,,,,,,
2018-09-12,26.9,20.7,32.7,0,,,,,,
2018-09-13,24.3,21.2,29.2,1.8,,,,,,
2018-09-14,23.9,19,28.1,0,,,,,,
2018-09-15,24.4,19.2,28.9,0,,,,,,
2018-09-16,28,19.9,34.3,0,,,,,,
2018-09-17,,,,,,,,,,
2018-09-18,27.5,,32.4,,,,,,,
2018-09-19,25.3,21.8,28.4,0,,,,,,
2018-09-20,24.8,19.4,28.8,0,,,,,,
2018-09-21,24.7,19.1,28.4,0,,,,,,
2018-09-22,24.4,18.8,28.6,0,,,,,,
2018-09-23,23.9,19.4,29.8,0,,,,,,
2018-09-24,25.1,18.5,31.6,0,,,,,,
2018-09-25,22.7,,29.4,0,,,,,,
2018-09-26,19.8,17.2,24.2,0,,,,,,
2018-09-27,21.6,17.3,26.2,0,,,,,,
2018-09-28,21.6,19,25.7,0.3,,,,,,
2018-09-29,25.2,20.5,30.5,0,,,,,,
2018-09-30,21.6,20,25.2,2.3,,,,,,
2018-10-01,20.4,,22.8,25.1,,,,,,
2018-10-02,21.4,18.3,27.6,16.8,,,,,,
2018-10-03,21.4,17.1,26.9,0,,,,,,
2018-10-04,21.9,16.8,26.5,0,,,,,,
2018-10-05,21.5,17.7,27,0,,,,,,
2018-10-06,19.8,15.3,23.5,0,,,,,,
2018-10-07,18.9,14.1,23.4,0,,,,,,
2018-10-08,19.3,14.8,23.6,0,,,,,,
2018-10-09,20.4,14.9,25.1,0,,,,,,
2018-10-10,21.2,16.9,26.3,0,,,,,,
2018-10-11,21,17.6,24.4,0,,,,,,
2018-10-12,21.3,17.7,24.9,0,,,,,,
2018-10-13,21.5,19.7,25.4,0,,,,,,
2018-10-14,20.8,17.4,24.3,0,,,,,,
2018-10-15,20.8,16.5,25.4,0,,,,,,
2018-10-16,19.8,15.7,24.5,0,,,,,,
2018-10-17,20.2,17.2,23.7,0,,,,,,
2018-10-18,20,16.4,24.3,0,,,,,,
2018-10-19,20.1,16.5,24.3,0,,,,,,
2018-10-20,20.3,17.2,24.8,0,,,,,,
2018-10-21,19.7,16,24.1,0,,,,,,
2018-10-22,18.7,15.2,23,0,,,,,,
2018-10-23,18.3,14.9,21.3,0.3,,,,,,
2018-10-24,18.8,15,23.8,0,,,,,,
2018-10-25,13.9,10.8,,0.3,,,,,,
2018-10-26,13.2,6.5,19.5,0,,,,,,
2018-10-27,17,10.9,23.8,0,,,,,,
2018-10-28,19.4,15.2,25.3,0,,,,,,
2018-10-29,18.6,,25.6,0,,,,,,
2018-10-30,18.2,13.2,24.5,0,,,,,,
2018-10-31,18.4,13.5,25.7,0,,,,,,
2018-11-01,18.9,13.4,25.8,0,,,,,,
2018-11-02,18.9,13.4,25.7,0,,,,,,
2018-11-03,19.3,14,24.9,0,,,,,,
2018-11-04,18.1,,24.4,0,,,,,,
2018-11-05,17.6,11.9,22.9,0,,,,,,
2018-11-06,17.6,12.6,22.4,0,,,,,,
2018-11-07,16.2,13,20.5,0,,,,,,
2018-11-08,15.7,11.8,19.5,0,,,,,,
2018-11-09,16.8,13.1,21.8,0,,,,,,
2018-11-10,15.6,11.3,20.5,0,,,,,,
2018-11-11,15.3,10.5,20.6,0,,,,,,
2018-11-12,15.7,10.3,20,0,,,,,,
2018-11-13,16.3,,20.5,0,,,,,,
2018-11-14,14.3,11.7,18.9,0,,,,,,
2018-11-15,12.4,10.1,16.9,0,,,,,,
2018-11-16,12.4,9.7,15.7,0,,,,,,
2018-11-17,10.8,,11.8,0.5,,,,,,
2018-11-18,14,10.8,17,5.6,,,,,,
2018-11-19,18.4,15.2,21.1,25.9,,,,,,
2018-11-20,18.7,16.2,21.2,2.3,,,,,,
2018-11-21,18.8,,22.8,0,,,,,,
2018-11-22,15.3,13.8,17.8,3.3,,,,,,
2018-11-23,12.7,,15.6,1.3,,,,,,
2018-11-24,11.5,7.8,15.4,0,,,,,,
2018-11-25,11.1,6.9,15,0,,,,,,
2018-11-26,14,11.2,,0,,,,,,
2018-11-27,18.8,14.7,20.2,2.5,,,,,,
2018-11-28,14.9,,,20.6,,,,,,
2018-11-29,10.8,,,2.8,,,,,,
2018-11-30,9.8,,11.9,11.4,,,,,,
2018-12-01,9.4,5.6,12.1,0,,,,,,
2018-12-02,10.7,7.5,13.8,0,,,,,,
2018-12-03,12.2,8.7,15.3,0,,,,,,
2018-12-04,11.4,8.9,13.8,0,,,,,,
2018-12-05,12.6,9.6,15.3,0,,,,,,
2018-12-06,9,,,0,,,,,,
2018-12-07,7.8,,11.1,0,,,,,,
2018-12-08,7.7,1.8,12.9,0,,,,,,
2018-12-09,10.6,7.7,13,23.9,,,,,,
2018-12-10,12.2,,15.4,26.9,,,,,,
2018-12-11,9.8,6.4,12.6,1,,,,,,
2018-12-12,8.3,,11.6,4.3,,,,,,
2018-12-13,6.6,5,9.2,0,,,,,,
2018-12-14,12.7,6.1,15.2,2.8,,,,,,
2018-12-15,15.4,12.4,18.1,0,,,,,,
2018-12-16,12.4,10.8,15.3,23.4,,,,,,
2018-12-17,11.9,,14.4,17.5,,,,,,
2018-12-18,10.4,8.6,12.4,1,,,,,,
2018-12-19,7.7,,10.2,9.9,,,,,,
2018-12-20,6.4,2.9,9.5,0,,,,,,
2018-12-21,6.8,3.1,10.5,0,,,,,,
2018-12-22,8.9,5.2,13.3,0,,,,,,
2018-12-23,10.6,,15.8,0,,,,,,
2018-12-24,11.9,6.7,15.2,0,,,,,,
2018-12-25,9.3,,14.6,1,,,,,,
2018-12-26,5.5,,8.3,8.6,,,,,,
2018-12-27,5.3,3,9.1,0,,,,,,
2018-12-28,6.5,2,10.4,0,,,,,,
2018-12-29,6.1,1.9,11.6,0,,,,,,
2018-12-30,6.8,3.2,11.2,0,,,,,,
2018-12-31,7.8,2.8,12.2,0,,,,,,
2019-01-01,7.3,,8.2,2.3,,,,,,
2019-01-02,7.3,4.3,8.8,7.1,,,,,,
2019-01-03,8.7,6.3,12.1,0,,,,,,
2019-01-04,7.4,4.1,10.6,13.5,,,,,,
2019-01-05,7.3,4.9,10.3,11.7,,,,,,
2019-01-06,5.9,3.4,9.1,1,,,,,,
2019-01-07,5,,7.8,0,,,,,,
2019-01-08,2.7,,5.4,0,,,,,,
2019-01-09,5.1,-0.4,,0,,,,,,
2019-01-10,11.6,7.3,14.4,32.5,,,,,,
2019-01-11,11.7,,15.2,53.6,,,,,,
2019-01-12,9.2,,10.5,57.7,,,,,,
2019-01-13,8.7,,11.7,40.1,,,,,,
2019-01-14,8.8,5.8,11.6,0,,,,,,
2019-01-15,6.4,,,5.6,,,,,,
2019-01-16,4.1,2.2,7.2,18.5,,,,,,
2019-01-17,7.2,2.8,12.8,0,,,,,,
2019-01-18,10.4,5.7,14,0,,,,,,
2019-01-19,11.6,10.3,13.6,1,,,,,,
2019-01-20,11.9,10,14.8,1.3,,,,,,
2019-01-21,11,9.4,12.9,3.6,,,,,,
2019-01-22,12,8.6,15.5,0,,,,,,
2019-01-23,11.9,,14.8,0,,,,,,
2019-01-24,10.3,,,49.5,,,,,,
2019-01-25,12.6,,17.3,23.1,,,,,,
2019-01-26,10.2,8.6,12.2,29.7,,,,,,
2019-01-27,10.9,8.8,13.6,17,,,,,,
2019-01-28,12.5,9.6,15.6,0.3,,,,,,
2019-01-29,13.6,11.6,16.5,0,,,,,,
2019-01-30,10.6,,,1.8,,,,,,
2019-01-31,10.9,9.3,13.6,40.6,,,,,,
2019-02-01,12.6,8,16.9,26.2,,,,,,
2019-02-02,13.4,9.2,17.3,0,,,,,,
2019-02-03,14.1,11.5,18.3,0,,,,,,
2019-02-04,13.1,9.5,19.1,0,,,,,,
2019-02-05,14,8,19.8,0,,,,,,
2019-02-06,12.9,10,17.7,13.2,,,,,,
2019-02-07,10.6,,12.8,0,,,,,,
2019-02-08,9.1,,10.6,0.8,,,,,,
2019-02-09,9.2,,12.5,1.5,,,,,,
2019-02-10,7.8,3.7,11.7,0,,,,,,
2019-02-11,11.9,5.2,16.2,0,,,,,,
2019-02-12,13.9,,17.5,9.9,,,,,,
2019-02-13,9.5,,,27.2,,,,,,
2019-02-14,9.1,,12.3,28.7,,,,,,
2019-02-15,8.1,5.1,10.8,0,,,,,,
2019-02-16,9.6,7.3,13.2,0,,,,,,
2019-02-17,8.9,5.1,13.2,0,,,,,,
2019-02-18,9.7,3.8,15.1,0,,,,,,
2019-02-19,10.6,4.9,17.3,0,,,,,,
2019-02-20,11.7,6.9,17.8,0,,,,,,
2019-02-21,12.1,7.2,16.3,0,,,,,,
2019-02-22,10.5,4.8,16.4,0,,,,,,
2019-02-23,8.8,,,1,,,,,,
2019-02-24,6.1,4.4,8.4,7.6,,,,,,
2019-02-25,7.8,4.7,10.6,0.3,,,,,,
2019-02-26,9.8,7.4,12.6,2.3,,,,,,
2019-02-27,7.8,,11.6,0,,,,,,
2019-02-28,7.9,5,13.3,0,,,,,,
2019-03-01,11.6,6,17.9,0,,,,,,
2019-03-02,13.9,10.3,19,0,,,,,,
2019-03-03,12.6,,17,3,,,,,,
2019-03-04,9,3.7,13.9,0,,,,,,
2019-03-05,12.1,4.7,18.8,0,,,,,,
2019-03-06,15.1,12,19.5,0,,,,,,
2019-03-07,15.3,,21.5,0,,,,,,
2019-03-08,16.5,11,22.8,0,,,,,,
2019-03-09,16.1,13.4,20.8,0,,,,,,
2019-03-10,16.6,12.9,22,0,,,,,,
2019-03-11,16.9,13.5,21.6,0,,,,,,
2019-03-12,14.4,,17.7,14,,,,,,
2019-03-13,12.2,,16.9,30.5,,,,,,
2019-03-14,10.3,7,13.6,0,,,,,,
2019-03-15,10.6,8.9,13.3,4.8,,,,,,
2019-03-16,11.5,6.4,16.3,2.8,,,,,,
2019-03-17,15,8.9,21.9,0,,,,,,
2019-03-18,16.8,11.5,22.6,0,,,,,,
2019-03-19,15.6,,20.4,0,,,,,,
2019-03-20,15.1,9.8,19.8,0,,,,,,
2019-03-21,15.3,,20.2,0,,,,,,
2019-03-22,14.9,10.4,20.7,0,,,,,,
2019-03-23,15.5,9.8,22.1,0,,,,,,
2019-03-24,12.6,,17.1,0,,,,,,
2019-03-25,12.4,6.5,16.8,0,,,,,,
2019-03-26,13.5,6.7,19.6,0,,,,,,
2019-03-27,13.9,8.4,19.4,0,,,,,,
2019-03-28,13.3,11.2,15.9,0,,,,,,
2019-03-29,12.1,,17.6,0,,,,,,
2019-03-30,11.3,6.6,16.9,0,,,,,,
2019-03-31,12.7,8.1,18.2,0,,,,,,
2019-04-01,13.6,8.1,19.2,0,,,,,,
2019-04-02,16.1,11.4,22.8,0,,,,,,
2019-04-03,14.4,9.9,18.7,0,,,,,,
2019-04-04,12.7,7.4,17.6,0,,,,,,
2019-04-05,15.4,9.1,21.6,0,,,,,,
2019-04-06,14.5,13.3,15.6,0,,,,,,
2019-04-07,16.2,13.9,19.3,2.8,,,,,,
2019-04-08,16.9,,22.1,2.5,,,,,,
2019-04-09,13.2,11,17.9,20.8,,,,,,
2019-04-10,13.8,11.5,17.1,20.1,,,,,,
2019-04-11,17.3,13.5,21.7,3.3,,,,,,
2019-04-12,17.7,15.1,21.9,0,,,,,,
2019-04-13,17.6,,21.7,0,,,,,,
2019-04-14,15.6,11.1,20,0,,,,,,
2019-04-15,14.8,11.7,18.5,0,,,,,,
2019-04-16,14.4,,18.8,0,,,,,,
2019-04-17,13.9,9.2,18.4,0,,,,,,
2019-04-18,14.3,8.3,20.1,0,,,,,,
2019-04-19,13.3,,17.6,0,,,,,,
2019-04-20,12.3,,16.8,0,,,,,,
2019-04-21,13.2,8.8,18.4,0,,,,,,
2019-04-22,14.9,7.4,19.5,0,,,,,,
2019-04-23,17.3,12.1,23,0,,,,,,
2019-04-24,20.5,15,26.3,0,,,,,,
2019-04-25,19.9,13.4,25.3,0,,,,,,
2019-04-26,18.8,,24.7,0.5,,,,,,
2019-04-27,20.4,13.8,27.2,0,,,,,,
2019-04-28,21.2,15.7,27.2,0,,,,,,
2019-04-29,21.8,17,28,0,,,,,,
2019-04-30,20.4,15.5,25.8,0,,,,,,
2019-05-01,19.5,16.1,23.7,0,,,,,,
2019-05-02,18.9,,24.3,0,,,,,,
2019-05-03,18.4,12.3,24.2,0,,,,,,
2019-05-04,18.6,15.1,23.5,0,,,,,,
2019-05-05,19.6,17.3,24.6,1,,,,,,
2019-05-06,20,16.4,25.1,0,,,,,,
2019-05-07,16.3,,19.4,5.1,,,,,,
2019-05-08,16,,21,,,,,,,
2019-05-09,16.9,10.5,21.4,0,,,,,,
2019-05-10,18.7,15.3,23.2,0,,,,,,
2019-05-11,19.2,13.8,24.1,0,,,,,,
2019-05-12,20.2,13.3,26.6,0,,,,,,
2019-05-13,21.4,14.6,28.2,0,,,,,,
2019-05-14,25,17.3,31.3,0,,,,,,
2019-05-15,24.3,19.2,32.3,0,,,,,,
2019-05-16,22.9,,29.5,0,,,,,,
2019-05-17,20.3,16.3,24.7,0,,,,,,
2019-05-18,20.6,15.4,26.4,0,,,,,,
2019-05-19,24.2,17.8,30.9,0,,,,,,
2019-05-20,25.2,,30.3,0,,,,,,
2019-05-21,24.7,21.1,30.7,0,,,,,,
2019-05-22,24.7,21.4,29.8,0,,,,,,
2019-05-23,23.8,,30.2,0,,,,,,
2019-05-24,21.4,16.4,25.3,0,,,,,,
2019-05-25,21.9,16.4,27.4,0,,,,,,
2019-05-26,23.1,16.3,28,0,,,,,,
2019-05-27,23.8,17.3,30.3,0,,,,,,
2019-05-28,27.1,18.8,35.3,0,,,,,,
2019-05-29,25.4,,31.5,0,,,,,,
2019-05-30,24.6,16.8,29.9,0,,,,,,
2019-05-31,25.3,18.5,31.7,0,,,,,,
2019-06-01,24.6,20.3,29.7,0,,,,,,
2019-06-02,24.4,,30.1,0,,,,,,
2019-06-03,23.9,,28.8,0,,,,,,
2019-06-04,22.6,19,28,0,,,,,,
2019-06-05,23.2,17.6,27.9,0,,,,,,
2019-06-06,23.9,18.1,29,0,,,,,,
2019-06-07,25.7,21,30.6,0,,,,,,
2019-06-08,29,21.8,35,0,,,,,,
2019-06-09,29.5,23.8,35.6,0,,,,,,
2019-06-10,28.4,23.9,33.8,0,,,,,,
2019-06-11,25.7,22.9,29.4,0.3,,,,,,
2019-06-12,25,21.3,29.3,0.3,,,,,,
2019-06-13,27.5,22.9,31.3,0,,,,,,
2019-06-14,28.8,21.8,34.1,0,,,,,,
2019-06-15,27.1,,31.9,0.3,,,,,,
2019-06-16,27.6,22.5,33.1,0.5,,,,,,
2019-06-17,27.1,24.4,32.3,0,,,,,,
2019-06-18,26.2,23.4,31.5,0,,,,,,
2019-06-19,25.7,22.7,29.4,22.1,,,,,,
2019-06-20,26.8,22.7,30.7,0,,,,,,
2019-06-21,27.8,22.6,31.6,0,,,,,,
2019-06-22,29.6,24.1,34.5,0,,,,,,
2019-06-23,29.9,26.2,34.3,0,,,,,,
2019-06-24,30.7,23.6,37.8,0,,,,,,
2019-06-25,32.1,25.6,38.8,0,,,,,,
2019-06-26,31.1,26.6,35.9,0,,,,,,
2019-06-27,31.2,26.9,36.2,0,,,,,,
2019-06-28,30.8,25.4,36.4,0,,,,,,
2019-06-29,29.6,,34.6,0,,,,,,
2019-06-30,27.1,22.8,32,0,,,,,,
2019-07-01,28.6,22.2,34.4,0,,,,,,
2019-07-02,28.8,23.1,34.2,0,,,,,,
2019-07-03,28.1,22.4,32.7,0,,,,,,
2019-07-04,30.3,23.9,34.8,0,,,,,,
2019-07-05,30.1,26.1,34,0,,,,,,
2019-07-06,29.9,25.3,35.6,0,,,,,,
2019-07-07,29.1,,33.2,0,,,,,,
2019-07-08,29.7,22.1,36.3,0,,,,,,
2019-07-09,30.1,24.1,36.2,0,,,,,,
2019-07-10,29.8,24.5,34.7,0,,,,,,
2019-07-11,26.7,,30.7,0,,,,,,
2019-07-12,25.3,21.1,31.1,0,,,,,,
2019-07-13,25.9,21.9,29.8,0,,,,,,
2019-07-14,23.6,,30.5,0.8,,,,,,
2019-07-15,24.2,20.4,28.2,0,,,,,,
2019-07-16,26.2,19.7,30.8,0,,,,,,
2019-07-17,26.6,22.6,31.3,0.3,,,,,,
2019-07-18,27.6,21.8,33.2,0,,,,,,
2019-07-19,27.7,22.3,32.4,0,,,,,,
2019-07-20,27.9,23.9,31.7,0,,,,,,
2019-07-21,29.7,24.7,36.8,0,,,,,,
2019-07-22,30.2,25.2,36.5,0,,,,,,
2019-07-23,29.7,23.8,34.5,0,,,,,,
2019-07-24,28.7,24.4,33.5,0,,,,,,
2019-07-25,28.7,23.5,34.6,0,,,,,,
2019-07-26,28.6,,32.7,0,,,,,,
2019-07-27,27.9,22.3,32.6,0,,,,,,
2019-07-28,27.3,21.1,32,0,,,,,,
2019-07-29,29.5,22.9,37.2,0,,,,,,
2019-07-30,29.3,23.3,34.7,0,,,,,,
2019-07-31,29.5,25.3,33.4,0,,,,,,
2019-08-01,30.5,25.4,34.5,0,,,,,,
2019-08-02,30.9,26.6,36.7,0,,,,,,
2019-08-03,30.5,24.3,37.3,0,,,,,,
2019-08-04,30.1,25.8,34.5,0,,,,,,
2019-08-05,28.7,24.7,33.6,0,,,,,,
2019-08-06,28.9,23.8,35,0,,,,,,
2019-08-07,28.5,23.3,33.1,0,,,,,,
2019-08-08,28.5,21.9,33.6,0,,,,,,
2019-08-09,28.7,21.4,35.2,0,,,,,,
2019-08-10,31.7,23.3,38.8,0,,,,,,
2019-08-11,31.9,27.4,36.9,0,,,,,,
2019-08-12,31.4,26.2,36.8,0,,,,,,
2019-08-13,29.5,23.9,34.6,0,,,,,,
2019-08-14,28,23.9,32.2,0,,,,,,
2019-08-15,28,23.5,32.5,0,,,,,,
2019-08-16,28.3,24.4,32,0,,,,,,
2019-08-17,26.6,,30.6,0,,,,,,
2019-08-18,26.8,21.7,31.7,0,,,,,,
2019-08-19,27.4,21.6,34.2,0,,,,,,
2019-08-20,27.9,22.9,34.2,0,,,,,,
2019-08-21,28.4,23.9,32.6,0,,,,,,
2019-08-22,30,23.9,35.6,0,,,,,,
2019-08-23,31.6,27,37.6,0,,,,,,
2019-08-24,32.5,28.1,37.9,0,,,,,,
2019-08-25,31.9,27.8,36.1,0,,,,,,
2019-08-26,31.6,26.9,36.5,0,,,,,,
2019-08-27,30.9,,34.9,0,,,,,,
2019-08-28,30.3,25.2,35.4,0,,,,,,
2019-08-29,28.1,23.2,31.5,0,,,,,,
2019-08-30,28.6,23.3,34.9,0,,,,,,
2019-08-31,27.7,23.6,31.7,0,,,,,,
2019-09-01,26.2,21.9,29.5,0,,,,,,
2019-09-02,26.8,23.1,30.4,0,,,,,,
2019-09-03,26.9,23.3,30.2,0,,,,,,
2019-09-04,27.9,22.1,32.4,0,,,,,,
2019-09-05,28.7,24.3,33.4,0,,,,,,
2019-09-06,27.3,23.4,31.3,0,,,,,,
2019-09-07,25.6,22.2,29.1,0,,,,,,
2019-09-08,25.9,21.7,30,0,,,,,,
2019-09-09,24.9,21,29.3,0,,,,,,
2019-09-10,25.2,19.5,28.9,0,,,,,,
2019-09-11,25.3,20.8,29.5,0,,,,,,
2019-09-12,25.7,22.1,28.7,0,,,,,,
2019-09-13,22.8,,,0,,,,,,
2019-09-14,25.6,21.4,31.1,3.3,,,,,,
2019-09-15,26.1,21.4,31.8,0,,,,,,
2019-09-16,23.8,,28.4,0,,,,,,
2019-09-17,22.7,17.7,29.2,0,,,,,,
2019-09-18,23.9,17.6,32.5,,,,,,,
2019-09-19,23,15.7,29.7,0,,,,,,
2019-09-20,22.8,18.4,27.8,0,,,,,,
2019-09-21,22.3,18,27.3,0,,,,,,
2019-09-22,20.6,,25,0,,,,,,
2019-09-23,19.8,13.3,26.1,0,,,,,,
2019-09-24,23.5,17.5,28.9,0,,,,,,
2019-09-25,21.8,18.9,25.6,29.7,,,,,,
2019-09-26,22.7,18.4,28.1,0,,,,,,
2019-09-27,23.5,18.6,28.5,0,,,,,,
2019-09-28,23.1,17.7,27.9,0,,,,,,
2019-09-29,21.9,15.5,27.4,0,,,,,,
2019-09-30,22.6,15.8,30.3,0,,,,,,
2019-10-01,23.8,17.8,30.8,0,,,,,,
2019-10-02,24.2,17.6,31.6,0,,,,,,
2019-10-03,24.6,20.4,30,0,,,,,,
2019-10-04,25.8,20.4,31.5,0,,,,,,
2019-10-05,22.1,,25.9,11.9,,,,,,
2019-10-06,20.9,,25.2,0,,,,,,
2019-10-07,18.2,14.4,21.8,1,,,,,,
2019-10-08,19.1,15.8,21.8,10.9,,,,,,
2019-10-09,19.2,15.4,23.2,0,,,,,,
2019-10-10,20.3,15,26.8,0,,,,,,
2019-10-11,21.8,17,27,0,,,,,,
2019-10-12,22.1,,28.1,0,,,,,,
2019-10-13,20.2,16.1,25.3,0,,,,,,
2019-10-14,20.4,15.8,26.1,0,,,,,,
2019-10-15,20.8,16,26.4,0,,,,,,
2019-10-16,21.3,18.6,25.3,0,,,,,,
2019-10-17,21.1,17.5,25.5,0,,,,,,
2019-10-18,20.5,17.5,25,0,,,,,,
2019-10-19,19.6,,24.8,0,,,,,,
2019-10-20,20.2,16.3,25.2,0,,,,,,
2019-10-21,20.4,13.9,26.2,0,,,,,,
2019-10-22,21.7,17,26.4,0,,,,,,
2019-10-23,22.3,17.9,27,0,,,,,,
2019-10-24,20.4,,25.8,0,,,,,,
2019-10-25,19.4,14.5,24.2,0,,,,,,
2019-10-26,19.9,14.3,25.2,0,,,,,,
2019-10-27,19.6,15.5,24.4,0,,,,,,
2019-10-28,17.6,12.4,22.7,0,,,,,,
2019-10-29,17.3,12.7,22.5,0,,,,,,
2019-10-30,17.3,12.7,23.6,0,,,,,,
2019-10-31,18.3,13.3,24,0,,,,,,
2019-11-01,17.8,15,21.9,2.3,,,,,,
2019-11-02,16.1,,20.6,0,,,,,,
2019-11-03,17.3,10.8,22.4,0,,,,,,
2019-11-04,20.3,17,24.6,0,,,,,,
2019-11-05,20.8,17.6,24.6,6.4,,,,,,
2019-11-06,20.9,18.6,25.4,0,,,,,,
2019-11-07,21.6,17.2,,,,,,,,
2019-11-08,21.8,17.9,26.6,0,,,,,,
2019-11-09,20.2,,24.8,0,,,,,,
2019-11-10,21.1,17,25.1,0,,,,,,
2019-11-11,18.4,,22.3,1.5,,,,,,
2019-11-12,20.5,15,27.1,4.8,,,,,,
2019-11-13,21.4,18.3,24.3,0,,,,,,
2019-11-14,17.9,,20.1,0,,,,,,
2019-11-15,17.7,,22.4,0,,,,,,
2019-11-16,16.3,11.7,22.1,0,,,,,,
2019-11-17,17.2,13.3,22.6,0,,,,,,
2019-11-18,17.9,14.8,22,0,,,,,,
2019-11-19,16.7,12.7,22.5,,,,,,,
2019-11-20,16.8,12.1,22.5,0,,,,,,
2019-11-21,18.1,13.1,21.9,0,,,,,,
2019-11-22,16.1,14.3,,5.6,,,,,,
2019-11-23,15.8,,19.5,1.8,,,,,,
2019-11-24,15.4,11.2,20.3,0,,,,,,
2019-11-25,15,14,,14.2,,,,,,
2019-11-26,14.8,,17.7,24.6,,,,,,
2019-11-27,13.6,10.3,18.1,0.5,,,,,,
2019-11-28,15.9,11.2,19.6,0,,,,,,
2019-11-29,18.9,15.6,21.8,4.3,,,,,,
2019-11-30,17.3,15,21.6,1.3,,,,,,
2019-12-01,13.3,,15.7,1.3,,,,,,
2019-12-02,10.5,7.5,14,0,,,,,,
2019-12-03,11.3,6.9,16.3,0,,,,,,
2019-12-04,10.4,,12.6,0,,,,,,
2019-12-05,10.1,8,13.1,5.6,,,,,,
2019-12-06,8.8,,12.5,0,,,,,,
2019-12-07,9.9,3.6,14.2,0,,,,,,
2019-12-08,11.8,,15.2,2.3,,,,,,
2019-12-09,9.9,6.1,14.9,0,,,,,,
2019-12-10,11.9,7.2,16.6,0,,,,,,
2019-12-11,12.7,10.6,15.9,1.5,,,,,,
2019-12-12,13.7,11,17.3,6.6,,,,,,
2019-12-13,12.9,11.7,15.5,1,,,,,,
2019-12-14,14.5,11.9,17.4,8.9,,,,,,
2019-12-15,13.9,9.8,18.8,0.5,,,,,,
2019-12-16,12,,17.6,0,,,,,,
2019-12-17,12.2,7.3,17.8,0,,,,,,
2019-12-18,13.5,10.1,17.9,0,,,,,,
2019-12-19,13.6,10.6,18.5,0,,,,,,
2019-12-20,13.8,10.4,16.9,0,,,,,,
2019-12-21,15.8,13.8,16.8,0,,,,,,
2019-12-22,17.7,,20.5,0,,,,,,
2019-12-23,12.2,11.1,14.6,27.9,,,,,,
2019-12-24,11.8,9.5,14.6,41.1,,,,,,
2019-12-25,10.3,,12.5,0,,,,,,
2019-12-26,9.7,6.8,12.4,0,,,,,,
2019-12-27,9.3,5.7,12.3,,,,,,,
2019-12-28,8.3,5.8,10.3,0,,,,,,
2019-12-29,8.3,6.9,10.6,0,,,,,,
2019-12-30,8.5,7.1,,0,,,,,,
2019-12-31,9.9,,13.3,0,,,,,,
2020-01-01,7.3,3.3,10.6,0,,,,,,
2020-01-02,8.3,5.8,11.3,0,,,,,,
2020-01-03,8.4,,12.4,0,,,,,,
2020-01-04,7.7,,12.2,0,,,,,,
2020-01-05,7.9,4.2,12.1,4.1,,,,,,
2020-01-06,7,5.8,8,7.1,,,,,,
2020-01-07,7.9,,9.6,0.8,,,,,,
2020-01-08,7.5,,10.2,0,,,,,,
2020-01-09,7.4,5.4,10.4,,,,,,,
2020-01-10,6.8,,11.5,0,,,,,,
2020-01-11,7.7,2.5,13.7,0,,,,,,
2020-01-12,10.3,6.5,15.4,0,,,,,,
2020-01-13,9.5,,,,,,,,,
2020-01-14,7.6,3.4,12.9,0,,,,,,
2020-01-15,8.4,4.3,13.2,0,,,,,,
2020-01-16,9.9,6,14.1,0,,,,,,
2020-01-17,9.4,7.3,12.6,0,,,,,,
2020-01-18,9.3,6.9,12.7,0,,,,,,
2020-01-19,8,5.4,11.1,0,,,,,,
2020-01-20,6.8,3.8,11.3,0,,,,,,
2020-01-21,5.8,,8.7,0,,,,,,
2020-01-22,6.1,2.2,10.3,0,,,,,,
2020-01-23,6.8,1.2,13,0,,,,,,
2020-01-24,6.7,2.5,11.4,0,,,,,,
2020-01-25,8.3,1.2,14.7,0,,,,,,
2020-01-26,12.4,8.6,14.8,0,,,,,,
2020-01-27,13.6,11.5,17.2,1,,,,,,
2020-01-28,12.2,,16.6,12.7,,,,,,
2020-01-29,13.4,9.1,17.3,0,,,,,,
2020-01-30,12.3,,15.9,0.8,,,,,,
2020-01-31,8.5,3.7,13,14.2,,,,,,
2020-02-01,11.8,8.2,17.2,0,,,,,,
2020-02-02,13.5,9.2,18.6,0,,,,,,
2020-02-03,14.6,11.7,17.1,0,,,,,,
2020-02-04,15.9,13.6,19,0,,,,,,
2020-02-05,14.4,,19.1,0.5,,,,,,
2020-02-06,7.9,,11.5,20.3,,,,,,
2020-02-07,6,3.6,8.7,7.6,,,,,,
2020-02-08,3.6,,5.9,0,,,,,,
2020-02-09,3.5,-0.5,8,0,,,,,,
2020-02-10,6.6,-0.1,12.1,0,,,,,,
2020-02-11,12.9,7.9,17.5,0,,,,,,
2020-02-12,15.3,,19.9,0,,,,,,
2020-02-13,12.6,,16.6,0.8,,,,,,
2020-02-14,11.6,6,16.2,0,,,,,,
2020-02-15,11.8,,13.1,8.9,,,,,,
2020-02-16,11.4,9.6,15.6,4.1,,,,,,
2020-02-17,10.9,,15.8,0,,,,,,
2020-02-18,10.8,5.3,17.4,0,,,,,,
2020-02-19,11.9,7.1,17.2,0,,,,,,
2020-02-20,11.2,,13.1,6.1,,,,,,
2020-02-21,9.8,,12.4,5.1,,,,,,
2020-02-22,9.2,6.5,12.2,0,,,,,,
2020-02-23,9.6,5.4,14.7,0,,,,,,
2020-02-24,10.5,4.7,17.1,0,,,,,,
2020-02-25,12.3,7.8,17.1,0,,,,,,
2020-02-26,15.6,8.1,20.9,0,,,,,,
2020-02-27,16.6,,19.8,0,,,,,,
2020-02-28,12.9,8.9,17.2,2.8,,,,,,
2020-02-29,8.9,6.6,10.8,14.2,10,,,,,
2020-03-01,9.4,4.7,14.7,0,,,,,,
2020-03-02,13.7,6.6,18.8,0,,,,,,
2020-03-03,17,13.1,22.9,0,,,,,,
2020-03-04,17.1,13.3,22.2,0,,,,,,
2020-03-05,11.9,,,16.5,,,,,,
2020-03-06,13.4,10,18,10.4,,,,,,
2020-03-07,16.3,11.1,21.2,0,,,,,,
2020-03-08,17.4,,20.9,0,,,,,,
2020-03-09,16.6,13,22.6,0,,,,,,
2020-03-10,13.9,12,18.2,6.9,,,,,,
2020-03-11,14.1,,18.1,1.5,,,,,,
2020-03-12,16,9,23.9,0,,,,,,
2020-03-13,16.8,,22,,,,,,,
2020-03-14,15.9,9,23.3,,,,,,,
2020-03-15,15.9,,21.8,0,,,,,,
2020-03-16,9.4,,11.9,1.3,,,,,,
2020-03-17,10.9,5,15,0,,,,,,
2020-03-18,10.9,5.5,15.9,0,,,,,,
2020-03-19,9.7,6,13,0,,,,,,
2020-03-20,12.2,7.3,16.8,0,,,,,,
2020-03-21,14.2,7,19.5,,,,,,,
2020-03-22,15.6,9.8,18.6,0,,,,,,
2020-03-23,15.9,12.2,18.8,0,,,,,,
2020-03-24,14.5,8.4,18.1,0,,,,,,
2020-03-25,15.3,10.4,19.4,0,,,,,,
2020-03-26,14.1,10.8,15.8,0,,,,,,
2020-03-27,13.7,11,16.9,5.1,,,,,,
2020-03-28,12.5,10.9,15.5,16,,,,,,
2020-03-29,13.4,9.7,16.7,0.8,,,,,,
2020-03-30,15.6,7.7,19.9,0,,,,,,
2020-03-31,16.9,11.1,21.3,0,,,,,,
2020-04-01,13.9,10,16.9,0,,,,,,
2020-04-02,11.6,,14.8,11.2,,,,,,
2020-04-03,12.9,9.5,16,8.9,,,,,,
2020-04-04,18.2,11.7,22,0.3,,,,,,
2020-04-05,16.2,13.4,19.4,5.3,,,,,,
2020-04-06,14.7,11.7,18.5,12.4,,,,,,
2020-04-07,14.2,10.3,17.4,0.8,,,,,,
2020-04-08,15.4,9.9,19.8,0.5,,,,,,
2020-04-09,15.1,9.2,20.7,0,,,,,,
2020-04-10,17.2,7,23.1,0,,,,,,
2020-04-11,19.9,9.1,25.4,0,,,,,,
2020-04-12,20.2,12.6,24.9,0,,,,,,
2020-04-13,16.6,7.7,21.8,0,,,,,,
2020-04-14,20.7,12.1,26,0,,,,,,
2020-04-15,19.6,,23.9,2,,,,,,
2020-04-16,15.7,10.7,20.5,11.7,,,,,,
2020-04-17,16.4,9,20.9,0,,,,,,
2020-04-18,18.9,10.2,23.6,0,,,,,,
2020-04-19,19.8,10.6,25,0,,,,,,
2020-04-20,21.6,14.5,26.4,0,,,,,,
2020-04-21,19.4,15.6,22.8,0,,,,,,
2020-04-22,16.1,,20.5,0,,,,,,
2020-04-23,16,11.5,20.3,0,,,,,,
2020-04-24,16.4,11.2,19.1,,,,,,,
2020-04-25,16.6,11.8,21.1,0,,,,,,
2020-04-26,19.7,10.6,25.5,0,,,,,,
2020-04-27,19.3,12.8,23,0,,,,,,
2020-04-28,19.9,11.4,24.9,0,,,,,,
2020-04-29,21.7,13.1,26.9,0,,,,,,
2020-04-30,20.7,17.2,24.6,,,,,,,
2020-05-01,21.9,15.6,26.2,0,,,,,,
2020-05-02,22.3,16.9,26.2,0,,,,,,
2020-05-03,19.1,14.3,23,10.4,,,,,,
2020-05-04,16.2,,19.5,17,,,,,,
2020-05-05,17.9,12.8,21.6,9.4,,,,,,
2020-05-06,21.7,12.4,27.1,0,,,,,,
2020-05-07,18.1,,20.8,0,,,,,,
2020-05-08,20.5,13,25,0,,,,,,
2020-05-09,20.2,11.9,24.2,0,,,,,,
2020-05-10,22,12.6,28.2,0,,,,,,
2020-05-11,24.9,16.2,30.6,0,,,,,,
2020-05-12,26.8,20.6,31.4,0,,,,,,
2020-05-13,25.7,16.8,31.1,0,,,,,,
2020-05-14,25.2,16.5,30.5,0,,,,,,
2020-05-15,28.4,19,35.5,0,,,,,,
2020-05-16,29.8,20,36.7,0,,,,,,
2020-05-17,30.1,21.5,36.5,0,,,,,,
2020-05-18,29.2,20.8,34.1,0,,,,,,
2020-05-19,28.3,21.1,33.1,0,,,,,,
2020-05-20,29.3,20.8,35.6,0,,,,,,
2020-05-21,28,,30.7,0,,,,,,
2020-05-22,18.9,,21.4,7.9,,,,,,
2020-05-23,19.2,12.6,23.3,0.5,,,,,,
2020-05-24,20.3,13.4,23.7,0,,,,,,
2020-05-25,22,14.3,25.4,0,,,,,,
2020-05-26,20.1,16.4,23.5,1,,,,,,
2020-05-27,15.3,14,17,18.3,,,,,,
2020-05-28,18.7,13.9,22.1,10.7,,,,,,
2020-05-29,20.4,13.8,24,0,,,,,,
2020-05-30,19.8,15.5,24,1,,,,,,
2020-05-31,21.7,15.9,25.7,0,,,,,,
2020-06-01,17.9,,22,0,,,,,,
2020-06-02,20,13.6,23.2,34.3,,,,,,
2020-06-03,19.6,14.1,24.6,0,,,,,,
2020-06-04,22.4,15.1,28.3,3.3,,,,,,
2020-06-05,23.6,17.8,29.8,0,,,,,,
2020-06-06,26,20.2,32.9,0,,,,,,
2020-06-07,23.2,19,28.9,,,,,,,
2020-06-08,24.1,17.7,30.1,0,,,,,,
2020-06-09,25.3,19.1,32.2,0,,,,,,
2020-06-10,25.7,19,30.5,0,,,,,,
2020-06-11,25,,30.9,0,,,,,,
2020-06-12,22.9,,27.2,0,,,,,,
2020-06-13,22.8,18.3,28.6,0,,,,,,
2020-06-14,25.1,18.2,30.6,0,,,,,,
2020-06-15,27.1,21.8,34.4,0,,,,,,
2020-06-16,27.4,22.9,33.2,0,,,,,,
2020-06-17,26.5,,32.2,0,,,,,,
2020-06-18,25.2,20.8,29.2,0,,,,,,
2020-06-19,25.6,21.3,30.4,0,,,,,,
2020-06-20,26.8,20.3,32.5,0,,,,,,
2020-06-21,26.7,21.2,32.1,0,,,,,,
2020-06-22,25.5,21,30.3,0,,,,,,
2020-06-23,23.9,,28.3,0,,,,,,
2020-06-24,24.9,21,29.3,0.5,,,,,,
2020-06-25,28.1,22.7,33.3,0,,,,,,
2020-06-26,28.8,24.4,33.8,0,,,,,,
2020-06-27,29.1,24.5,33.9,0,,,,,,
2020-06-28,27.7,23.3,32.5,0,,,,,,
2020-06-29,27.5,21.2,32.2,0,,,,,,
2020-06-30,29.5,21.3,35.9,0,,,,,,
2020-07-01,31.6,24.2,37.9,0,,,,,,
2020-07-02,31.2,26.5,35.5,0,,,,,,
2020-07-03,29.8,24.5,34.7,0,,,,,,
2020-07-04,29.9,24.5,34.4,0,,,,,,
2020-07-05,30.7,25.7,35.4,0,,,,,,
2020-07-06,30.4,26.6,34.4,0,,,,,,
2020-07-07,28.8,24.7,33,0,,,,,,
2020-07-08,29.5,,34.4,0,,,,,,
2020-07-09,28.6,23.6,35.2,0,,,,,,
2020-07-10,28.9,24.1,33,0,,,,,,
2020-07-11,28.1,22.5,32.2,0,,,,,,
2020-07-12,28.1,23.6,32.7,0,,,,,,
2020-07-13,28.6,24.4,34.5,0,,,,,,
2020-07-14,27.6,23.5,32.8,0,,,,,,
2020-07-15,25.4,21.2,29.1,0,,,,,,
2020-07-16,25.5,20.4,30.3,0,,,,,,
2020-07-17,26.9,21.6,33.4,0,,,,,,
2020-07-18,26.7,22.3,30.8,0,,,,,,
2020-07-19,26.8,22.1,31.3,0,,,,,,
2020-07-20,28.1,23,32.7,0,,,,,,
2020-07-21,30,25,36.3,0,,,,,,
2020-07-22,30.3,25.2,37.1,0,,,,,,
2020-07-23,30.9,25.5,35.4,0,,,,,,
2020-07-24,30.2,24.5,34.8,0,,,,,,
2020-07-25,28.5,24.1,33.1,0,,,,,,
2020-07-26,27.9,23.1,32.3,0,,,,,,
2020-07-27,28.8,22.3,33.1,0,,,,,,
2020-07-28,31.2,25.5,37.5,0,,,,,,
2020-07-29,32.1,27,37.5,0,,,,,,
2020-07-30,31.7,25.3,36.8,0,,,,,,
2020-07-31,30.6,24.4,35.4,0,,,,,,
2020-08-01,32,26,38.3,0,,,,,,
2020-08-02,31.7,26.3,39.2,0,,,,,,
2020-08-03,29.9,,35,0,,,,,,
2020-08-04,27.2,23,31.6,0,,,,,,
2020-08-05,27.8,23.2,31.9,0,,,,,,
2020-08-06,28.9,23.1,34.9,0,,,,,,
2020-08-07,27.4,23.3,34,0,,,,,,
2020-08-08,27.1,23,31.7,0,,,,,,
2020-08-09,28.4,24.4,33.9,0,,,,,,
2020-08-10,29.6,24.7,35.3,,,,,,,
2020-08-11,29.9,24.5,35.8,0,,,,,,
2020-08-12,30.8,25.2,35.4,0,,,,,,
2020-08-13,30.3,25.2,36.8,0,,,,,,
2020-08-14,29.8,24.1,36.4,0,,,,,,
2020-08-15,28.6,22.4,35.4,0,,,,,,
2020-08-16,27.9,22.9,32.6,0,,,,,,
2020-08-17,27.2,22.4,31.4,0,,,,,,
2020-08-18,25.9,21.8,29.8,0,,,,,,
2020-08-19,26.5,21.4,30.7,0,,,,,,
2020-08-20,27.4,24.2,31.8,0,,,,,,
2020-08-21,28.6,24.1,33.6,0,,,,,,
2020-08-22,29.9,22.9,35.4,,,,,,,
2020-08-23,30.6,24.7,35.8,0,,,,,,
2020-08-24,28.6,23.8,32.8,0,,,,,,
2020-08-25,27.6,22.6,32.5,0,,,,,,
2020-08-26,27.9,22.2,32.5,0,,,,,,
2020-08-27,28.5,23.6,33.4,0,,,,,,
2020-08-28,28.8,23.1,34.5,0,,,,,,
2020-08-29,28.7,22.4,34.8,0,,,,,,
2020-08-30,28.3,22.3,35.2,0,,,,,,
2020-08-31,29.7,22.9,37,0,,,,,,
2020-09-01,26.8,22.9,33.5,0,,,,,,
2020-09-02,28.7,21.2,36.5,0,,,,,,
2020-09-03,28.7,22.9,35.8,0,,,,,,
2020-09-04,27.7,22.6,32.5,0,,,,,,
2020-09-05,26.9,23.1,31.2,0,,,,,,
2020-09-06,28,22.9,33.7,0,,,,,,
2020-09-07,27.4,22.2,31.7,0,,,,,,
2020-09-08,28,21,33.8,0,,,,,,
2020-09-09,29.9,24.8,36,0,,,,,,
2020-09-10,29,25.5,33,0,,,,,,
2020-09-11,28,22.8,32.7,0,,,,,,
2020-09-12,27.3,22.6,30.7,0,,,,,,
2020-09-13,27.6,22.7,32.2,0,,,,,,
2020-09-14,29.2,24.3,35.3,,,,,,,
2020-09-15,28.4,25,32.4,,,,,,,
2020-09-16,26.8,23.3,30.7,0,,,,,,
2020-09-17,26.5,21.6,32,0,,,,,,
2020-09-18,26.6,21.7,31.4,0,,,,,,
2020-09-19,26.6,22.3,32.5,0,,,,,,
2020-09-20,24.6,21.5,28.6,0,,,,,,
2020-09-21,24.9,21,29.6,0,,,,,,
2020-09-22,24.3,20.3,27.6,0,,,,,,
2020-09-23,23.5,18.8,28.2,0,,,,,,
2020-09-24,24.8,19.3,31.7,0,,,,,,
2020-09-25,24.7,20.3,30.4,0,,,,,,
2020-09-26,27.1,21.9,33.7,0,,,,,,
2020-09-27,25.3,,30.1,0,,,,,,
2020-09-28,27.3,20.6,33.9,0,,,,,,
2020-09-29,26.6,,33.4,0,,,,,,
2020-09-30,22.2,,26.7,0,,,,,,
2020-10-01,21,16.1,26.5,0,,,,,,
2020-10-02,22.7,17.4,28.6,0,,,,,,
2020-10-03,23.6,18.2,29.8,0,,,,,,
2020-10-04,24.9,18.6,32.4,0,,,,,,
2020-10-05,26.9,20.9,34.6,0,,,,,,
2020-10-06,25.4,20.5,35.2,0,,,,,,
2020-10-07,26.9,20.5,33.7,0,,,,,,
2020-10-08,23.1,,,0,,,,,,
2020-10-09,20.7,16.2,25.3,10.4,,,,,,
2020-10-10,20.2,14.8,23.8,0,,,,,,
2020-10-11,20.6,15.1,26.1,0,,,,,,
2020-10-12,22.3,16.3,27.6,0,,,,,,
2020-10-13,21.9,,28.6,32,,,,,,
2020-10-14,22.4,19,27.3,0,,,,,,
2020-10-15,21.4,17.9,26.7,0,,,,,,
2020-10-16,22.8,16.9,28.5,0,,,,,,
2020-10-17,24.6,20.9,30,0,,,,,,
2020-10-18,23.3,,28.9,0,,,,,,
2020-10-19,20.6,17.9,24.6,0,,,,,,
2020-10-20,19.8,14.7,23.3,0,,,,,,
2020-10-21,20.1,,23.5,0,,,,,,
2020-10-22,19.9,14.6,24.9,0,,,,,,
2020-10-23,20.1,15.1,25.6,0,,,,,,
2020-10-24,20.5,16.1,27,0,,,,,,
2020-10-25,21.6,16.3,28.3,0,,,,,,
2020-10-26,19.9,16.1,23.8,0,,,,,,
2020-10-27,18.3,14.6,,,,,,,,
2020-10-28,17.9,13.8,22.5,0.5,,,,,,
2020-10-29,17.8,15.3,20.5,13.2,,,,,,
2020-10-30,19.1,15.4,22.6,3.3,,,,,,
2020-10-31,16.5,,20.6,0,,,,,,
2020-11-01,15.1,10.1,21.2,0,,,,,,
2020-11-02,14.1,8.3,20.3,0,,,,,,
2020-11-03,15.7,8.9,21.3,0,,,,,,
2020-11-04,17.2,13.2,21.2,0,,,,,,
2020-11-05,17.2,15.3,19.4,0,,,,,,
2020-11-06,18.6,16,22.7,0,,,,,,
2020-11-07,17.7,15.1,21.6,0,,,,,,
2020-11-08,16.6,,21.8,0,,,,,,
2020-11-09,16.6,11.2,21.5,0,,,,,,
2020-11-10,19.1,13.4,23,0,,,,,,
2020-11-11,18.8,15,21.6,0,,,,,,
2020-11-12,16.9,10.9,20.3,0,,,,,,
2020-11-13,15.4,9.6,19,0,,,,,,
2020-11-14,14.7,9.4,19,1,,,,,,
2020-11-15,15.5,10.3,19.3,0,,,,,,
2020-11-16,14.3,8.1,,,,,,,,
2020-11-17,13.6,7.3,18.4,0,,,,,,
2020-11-18,14.7,7.8,17.1,0,,,,,,
2020-11-19,13,,13.8,0.5,,,,,,
2020-11-20,14.7,10.8,16.9,3.3,,,,,,
2020-11-21,14.4,10.7,17.4,0,,,,,,
2020-11-22,14.8,11.2,17.6,0,,,,,,
2020-11-23,12.7,7.6,16.9,0,,,,,,
2020-11-24,12.6,6,15.6,0,,,,,,
2020-11-25,14.3,10.6,17.3,0,,,,,,
2020-11-26,14.4,10.1,17.7,0,,,,,,
2020-11-27,12,5.2,17.3,0,,,,,,
2020-11-28,12.4,6.4,17.5,0,,,,,,
2020-11-29,15.7,9.3,19.2,0,,,,,,
2020-11-30,16.3,12.4,18.8,0,,,,,,
2020-12-01,13.2,,15.7,0,,,,,,
2020-12-02,10.9,7,13.5,0,,,,,,
2020-12-03,10.3,4.9,14.2,0,,,,,,
2020-12-04,15.9,8.4,19,0,,,,,,
2020-12-05,16.3,10.9,19.8,0,,,,,,
2020-12-06,14.4,10.4,18.7,0,,,,,,
2020-12-07,14.9,10.3,18.4,6.1,,,,,,
2020-12-08,14.9,12.4,17.3,1,,,,,,
2020-12-09,14.6,12,16.7,0,,,,,,
2020-12-10,16.4,,19.5,0.3,,,,,,
2020-12-11,14.5,11,17.3,41.4,,,,,,
2020-12-12,13.7,11.8,15.7,39.6,,,,,,
2020-12-13,14.8,13.3,16.4,61.7,,,,,,
2020-12-14,15.9,13.2,18.4,52.1,,,,,,
2020-12-15,13.6,,15.2,2.5,,,,,,
2020-12-16,13.5,9.3,16.3,0,,,,,,
2020-12-17,11.9,7.3,14.4,0,,,,,,
2020-12-18,11,6.5,13.7,0,,,,,,
2020-12-19,10.2,6.9,13,0,,,,,,
2020-12-20,9.1,4,12.4,0,,,,,,
2020-12-21,10.7,8.2,12.9,0,,,,,,
2020-12-22,10.3,6,12.9,0,,,,,,
2020-12-23,8.3,2.5,12.4,0,,,,,,
2020-12-24,10.9,4.6,14.7,0,,,,,,
2020-12-25,14.8,10.8,17.1,0,,,,,,
2020-12-26,16.1,13.7,18,1.5,,,,,,
2020-12-27,15.7,14.3,18.4,0.3,,,,,,
2020-12-28,14.3,12.7,16.9,27.4,,,,,,
2020-12-29,14.7,,18.1,5.6,,,,,,
2020-12-30,14.6,12,17.1,0.5,,,,,,
2020-12-31,13.6,12.1,14.5,0,,,,,,
2021-01-01,13.5,,15.5,6.9,,,,,,
2021-01-02,13.9,11,18.1,11.2,,131,7,,1021.6,
2021-01-03,13.7,10,16,0,,132,7,,1021.9,
2021-01-04,15.3,10.4,18.8,0.3,,132,12.1,,1017,
2021-01-05,13.9,10.7,17,24.6,,156,9.6,,1016.6,
2021-01-06,13.8,8.8,16.7,0,,133,6.9,,1022.6,
2021-01-07,14.7,10.2,17.3,0,,130,9,,1021.2,
2021-01-08,16.6,13.1,19.7,0,,142,14,,1018.3,
2021-01-09,16.3,12.8,17.6,0.3,,139,16.5,,1016.4,
2021-01-10,18.3,16,21,0.5,,142,15.7,,1018.7,
2021-01-11,20.7,17.8,22.5,0.3,,152,18.5,,1018.2,
2021-01-12,19.1,15.5,21.6,0,,152,21.6,,1012.7,
2021-01-13,12.3,10,15.2,32.3,,302,9.6,,1006.7,
2021-01-14,9.8,7.5,12.6,10.9,,327,6.7,,1008.5,
2021-01-15,7.6,2.6,10.5,11.7,,42,10.3,,1011.1,
2021-01-16,4.3,1.5,7.4,0.3,,21,6.9,,1008,
2021-01-17,4.8,-0.3,7.2,8.1,,4,9.5,,1011.3,
2021-01-18,3.8,1.5,6.7,0,,31,9.4,,1018.3,
2021-01-19,3.8,-0.8,7,0,,3,8.7,,1022.3,
2021-01-20,4.8,-1.6,9.7,0,,8,5.1,,1028.1,
2021-01-21,8.6,3.1,11.7,0,,131,8.3,,1029.6,
2021-01-22,11.8,8.9,13.7,0,,135,11.3,,1027.3,
2021-01-23,12.1,10.6,14.2,2.6,,141,13.5,,1021,
2021-01-24,14.3,11.3,17.5,10.4,,142,15.7,,1015.2,
2021-01-25,15.1,12.8,17.3,22.6,,156,17.3,,1011.8,
2021-01-26,16.7,13.5,18.5,12.4,,156,18.5,,1010.9,
2021-01-27,9.4,3,13.6,19.1,,266,16.2,,1002,
2021-01-28,4,0.4,7.2,5.6,,17,6,,1012.5,
2021-01-29,6,0.6,8.8,4.1,,112,9.5,,1015.7,
2021-01-30,11.5,7.2,16.8,4.8,,132,14.8,,1005,
2021-01-31,13.3,6.9,16.3,16,,134,11.1,,1010.6,
2021-02-01,17.6,12.9,19.8,0,,149,24,,1010.2,
2021-02-02,12.8,12.1,15.9,124,,144,9.5,,1014.4,
2021-02-03,14.6,10,18.4,30.7,,76,3.7,,1017.4,
2021-02-04,14.6,8.8,19.1,0,,106,3.4,,1018.1,
2021-02-05,14.4,8.2,19.4,0,,32,4,,1019.6,
2021-02-06,16.1,9.9,20.9,0,,134,8.4,,1018.9,
2021-02-07,16.7,12.3,20.7,0,,141,14.6,,1017.9,
2021-02-08,18.2,15.3,21.2,0,,155,23.8,,1013.2,
2021-02-09,16.8,15.1,18.2,3.8,,163,15.9,,1016.2,
2021-02-10,16.9,13.2,17.9,7.1,,147,12.7,,1016.7,
2021-02-11,14.6,12.4,18.7,5.8,,149,19.7,,1014.1,
2021-02-12,11.5,7.3,13.2,8.8,,294,10,,1016,
2021-02-13,11.4,5.1,13.8,0.1,,37,6.6,,1020.6,
2021-02-14,7.8,4.3,11.3,2.3,,88,10.8,,1014.5,
2021-02-15,5.3,4.2,6.5,12.7,,26,22,,1017.1,
2021-02-16,3.6,0.3,4.8,0,,4,25.2,,1017.4,
2021-02-17,3.9,0,7,0,,355,16.1,,1020.4,
2021-02-18,4.9,-0.7,7.8,0,,27,4.2,,1021.2,
2021-02-19,8.7,3,12.5,0,,22,6.8,,1026.1,
2021-02-20,6.7,2.1,11.7,0,,9,5.9,,1026.7,
2021-02-21,10.4,5.1,14.9,0,,32,6.8,,1025.9,
2021-02-22,10.4,2.5,14.7,0,,358,6.9,,1028.3,
2021-02-23,12.7,4.3,17.8,0,,1,6.8,,1027.9,
2021-02-24,13.7,5.5,20.2,0,,5,11.2,,1026.9,
2021-02-25,13.2,8.5,16.7,0,,19,14.5,,1027.1,
2021-02-26,13.9,7.8,18.3,0,,6,6.2,,1024.6,
2021-02-27,13.3,6,18,0,,357,5.4,,1018.9,
2021-02-28,13.3,7.3,17.7,0,,9,13.2,,1020.8,
2021-03-01,11.3,5.1,15,0,,356,10.7,,1024.3,
2021-03-02,9.7,7.4,12.4,0,,9,15,,1025.9,
2021-03-03,12.3,6.6,17.3,0,,358,13.7,,1025.1,
2021-03-04,11.4,3.3,15.9,0,,345,8.3,,1022.8,
2021-03-05,15.1,5.4,21.7,1.3,,123,8.4,,1020.4,
2021-03-06,16.1,12.5,19.7,0,,142,9.9,,1021.4,
2021-03-07,12.1,6,15.5,0,,26,10.5,,1021.6,
2021-03-08,10.3,2.1,15.1,0,,342,6.8,,1018.7,
2021-03-09,14.2,7.1,19.7,0,,55,4.4,,1015.3,
2021-03-10,15.1,8.4,20.1,0,,40,4,,1011.5,
2021-03-11,10.5,5.5,13.7,2,,62,12.2,,1010.2,
2021-03-12,9.4,4.5,12.9,17.8,,338,9.9,,1020.6,
2021-03-13,12.3,4.4,17.6,0,,69,4.1,,1018.1,
2021-03-14,14.2,8.4,16.6,0,,137,9.6,,1015,
2021-03-15,15.4,12.2,18.6,0.5,,160,16.5,,1006.6,
2021-03-16,13.3,7.8,16.6,4.8,,170,10,,1004.2,
2021-03-17,11.4,7.6,14.7,6.9,,186,8.6,,1006.9,
2021-03-18,8.2,5.2,11.6,5.4,,104,7.3,,1013.1,
2021-03-19,10.3,6.9,16.3,9.9,,135,11.1,,1014.4,
2021-03-20,12.8,10.9,15.2,38.6,,147,9.2,,1014.6,
2021-03-21,17.2,12.9,21.3,5.8,,153,7.7,,1008.9,
2021-03-22,18.2,11.6,21.6,0,,164,16,,1001.6,
2021-03-23,10.2,5.2,13.3,16.6,,70,12.1,,1002.7,
2021-03-24,8,5,11.9,4.3,,346,13.8,,1009.6,
2021-03-25,6.7,3.3,10.6,0.5,,352,9.8,,1017.1,
2021-03-26,8.9,1.8,12.4,0,,340,8.4,,1024.2,
2021-03-27,11.7,3.5,16.1,0,,19,7.2,,1028.1,
2021-03-28,13.7,5.2,18,0,,342,6.7,,1029,
2021-03-29,15.4,6.5,20.5,0,,1,8.9,,1027.1,
2021-03-30,13.3,8.9,17.9,0,,1,15.2,,1022.8,
2021-03-31,12.1,7.7,16.3,0,,7,15.2,,1015.9,
2021-04-01,9.4,6.3,13.1,5.1,,11,11,,1014.8,
2021-04-02,12.1,4.5,19.5,0,,339,6.5,,1016.7,
2021-04-03,16.1,12,21.5,0,,147,15.8,,1016.2,
2021-04-04,15.1,11.2,19.6,2.3,,145,19.9,,1014.7,
2021-04-05,17.2,14.5,19.6,0.3,,153,14.5,,1013,
2021-04-06,19.8,14.6,25.2,3,,151,20.5,,1007.8,
2021-04-07,17.9,13.6,22,0,,163,17.2,,1010.1,
2021-04-08,14.1,7.5,20.4,0,,222,14.3,,1013.6,
2021-04-09,9.4,6.2,13.9,5.3,,0,18.3,,1022.8,
2021-04-10,10.8,6.1,15.8,0,,351,14.3,,1024.4,
2021-04-11,11.1,3.5,18.6,0,,346,10.4,,1023.3,
2021-04-12,12.5,5.7,17.9,0,,342,8.4,,1022.2,
2021-04-13,15.8,8.4,21.7,0,,144,5.5,,1019.1,
2021-04-14,17.7,13.9,22,0,,157,16.2,,1016.8,
2021-04-15,17.8,13.4,22.6,0,,149,11.5,,1016,
2021-04-16,17.8,15.1,22.1,0,,119,5.1,,1015.9,
2021-04-17,21,15.2,27.8,0.3,,133,10.7,,1012,
2021-04-18,21.6,17.5,26.6,0,,148,11.3,,1013.1,
2021-04-19,16.8,12,19.1,9.9,,148,8.7,,1013.2,
2021-04-20,15.6,10.2,20.2,2.8,,181,7.7,,1013.9,
2021-04-21,15.1,9.3,21.6,0,,296,5.5,,1018.2,
2021-04-22,15.7,8.6,22.3,0,,334,7.2,,1021.6,
2021-04-23,18.5,9.9,24.9,0,,315,6.2,,1020,
2021-04-24,17.1,14.2,22.5,0.3,,349,7.3,,1016.2,
2021-04-25,16.3,12.4,20.2,9.9,,358,8.3,,1010.4,
2021-04-26,15.7,11.7,21.3,0,,355,12.8,,1013.4,
2021-04-27,17.7,9.2,25,0,,350,4.9,,1013.9,
2021-04-28,22.4,16.4,26.5,0,,141,11.9,,1013.9,
2021-04-29,25.2,21.4,30.8,0,,148,12.8,,1014.8,
2021-04-30,23.3,15.9,31.5,0,,121,6,,1016.3,
2021-05-01,24.3,16.8,32.7,0,,127,5.6,,1015.6,
2021-05-02,27.3,19,34.1,0,,141,9.1,,1013.9,
2021-05-03,26.2,19.1,32.6,0,,41,7.4,,1013.1,
2021-05-04,22.6,18.3,27.9,0,,335,9,,1011.9,
2021-05-05,22.6,18.4,26.9,0,,341,6.7,,1011.5,
2021-05-06,23.6,16.7,26.9,0,,317,7.9,,1012.6,
2021-05-07,24.5,18.2,30.5,0,,335,4.6,,1014.3,
2021-05-08,25.7,18.2,30.7,0,,344,7.2,,1011.9,
2021-05-09,23.2,15.4,28.2,0,,23,17.3,,1016.2,
2021-05-10,22.1,16,27.8,0,,359,11.4,,1015.7,
2021-05-11,20.9,15.7,25.2,0,,355,8.4,,1011.4,
2021-05-12,19.1,11.8,25.4,0,,334,6.2,,1009.3,
2021-05-13,24.3,18.8,28,0,,153,13.1,,1009.7,
2021-05-14,23.2,19.1,28.7,0,,163,11.3,,1013.1,
2021-05-15,22.7,17.2,27.6,0,,53,7,,1012.3,
2021-05-16,21.8,17.5,25.6,0,,327,8.5,,1009,
2021-05-17,23.7,16.9,29.6,0,,357,6.4,,1010.8,
2021-05-18,25.8,17.6,30.4,0,,175,10.6,,1010.8,
2021-05-19,26.6,19.2,32.6,0,,156,5.9,,1012.3,
2021-05-20,25.6,22,30.1,0,,167,13.4,,1009.2,
2021-05-21,17.6,14.4,19.5,7.3,,280,17.1,,1010.9,
2021-05-22,21.6,16.1,28.2,0,,334,10.9,,1017.7,
2021-05-23,22.7,16.2,27.1,0,,341,9.4,,1016.7,
2021-05-24,25.7,17.8,30.9,0,,336,9,,1016.5,
2021-05-25,27.6,21.9,32.7,0,,1,9,,1014.6,
2021-05-26,25.5,20.8,29.6,0,,308,8.9,,1010.6,
2021-05-27,24.7,20.7,29.8,0,,295,6,,1008.8,
2021-05-28,23.6,20.7,27,0,,246,9.8,,1009.3,
2021-05-29,23.1,20.1,26.3,0,,321,12.5,,1012.7,
2021-05-30,23.9,19,27.9,0,,317,6.7,,1012.4,
2021-05-31,23.1,21,27.7,2,,285,7.3,,1011,
2021-06-01,21.5,18.3,24,9.7,,324,10.7,,1010.9,
2021-06-02,21.7,15.2,24.6,0,,326,11,,1016.3,
2021-06-03,21.9,16.2,25.8,0,,337,11.3,,1018.9,
2021-06-04,24.2,19.4,29.6,0,,0,12.2,,1019,
2021-06-05,24.7,18.9,29.5,0,,359,13.5,,1018.3,
2021-06-06,24.3,18.5,28.8,0,,337,10.6,,1016,
2021-06-07,25.7,19.2,31.2,0,,315,7.8,,1015,
2021-06-08,26,21.3,29.4,0,,306,7.3,,1012.9,
2021-06-09,25.7,21.6,29.1,0,,329,7.5,,1009.4,
2021-06-10,25.8,20.5,30.6,0.3,,15,5.7,,1008.5,
2021-06-11,25.9,21.2,30.4,0,,323,5.5,,1010.6,
2021-06-12,25.4,21.2,28.9,0,,316,7.9,,1012.5,
2021-06-13,25,21.3,28.1,0,,314,9.5,,1012.6,
2021-06-14,21.9,17.7,25.5,0.8,,319,8.8,,1010.3,
2021-06-15,21.3,14.2,25,8.6,,340,9.2,,1011.4,
2021-06-16,22.4,19.5,26,18,,326,8.1,,1012.3,
2021-06-17,24.9,19.6,29,0,,342,7.9,,1016.4,
2021-06-18,26.3,21.3,30.8,0,,320,8.8,,1014.7,
2021-06-19,26.4,21.6,29.7,0,,318,8.7,,1011.3,
2021-06-20,26.9,22.5,30.4,0,,332,9.2,,1009.7,
2021-06-21,26.8,23.3,30,0,,322,10.3,,1010.1,
2021-06-22,27.9,23,32.7,0,,325,9.4,,1012.1,
2021-06-23,29.1,23.6,34.6,0,,329,9.1,,1013.3,
2021-06-24,30,25.2,35.5,0,,350,11.8,,1014,
2021-06-25,30.6,25.3,34.1,0,,333,11.1,,1012.2,
2021-06-26,30.5,26.2,35.6,0,,331,10.6,,1010.5,
2021-06-27,30.5,25,34.6,0,,342,10.6,,1010.4,
2021-06-28,30.7,25.9,34.7,0,,354,12.2,,1011.9,
2021-06-29,30.8,26.9,35.6,0,,357,12.5,,1011.5,
2021-06-30,30.7,24.1,36.3,0,,323,10.9,,1010.5,
2021-07-01,32.5,24.3,39.7,0,,331,7.3,,1009.6,
2021-07-02,31.1,25.7,35,0,,251,10,,1006.1,
2021-07-03,28.2,26,31.6,0,,326,13.2,,1007.3,
2021-07-04,27.6,24.9,30.4,0,,323,12.9,,1009.9,
2021-07-05,28.3,23.5,33.3,0,,316,9.8,,1008.3,
2021-07-06,29.1,23.2,33.7,0,,338,10.5,,1007.7,
2021-07-07,31,26.2,36.1,0,,4,13.8,,1010.2,
2021-07-08,30.4,26.7,35.3,0,,16,15.8,,1012.1,
2021-07-09,30.3,26.2,35.4,0,,15,16.6,,1010.5,
2021-07-10,30.8,26.3,36.3,0,,16,16.2,,1007.4,
2021-07-11,30.8,26.8,34.5,0,,14,12.6,,1005.9,
2021-07-12,30.6,26,34.1,0,,351,11.5,,1007.6,
2021-07-13,31.3,25.6,35.3,0,,0,10.9,,1007.9,
2021-07-14,32.3,27.1,38.4,0,,10,13.3,,1007.7,
2021-07-15,30.4,27.6,35.1,0,,10,11.4,,1006.1,
2021-07-16,31.3,26.8,35.4,0,,333,8.8,,1004.4,
2021-07-17,30.4,26.2,36.2,0,,271,6,,1003.3,
2021-07-18,31,25,36.9,0,,176,7.4,,1003.4,
2021-07-19,30.1,26.5,35.2,0,,171,9.3,,1007.2,
2021-07-20,29.1,25.3,33.4,0,,231,8.2,,1009.5,
2021-07-21,30,26,32.7,0,,319,12.5,,1009,
2021-07-22,30.5,24.9,35.1,0,,7,18.8,,1008.5,
2021-07-23,29.3,25.2,34.3,0,,13,17.8,,1007.6,
2021-07-24,28.9,25.4,33.1,0,,5,15,,1007.2,
2021-07-25,29.9,25.4,34.7,0,,16,14.3,,1009.2,
2021-07-26,29.9,25.3,34,0,,15,13.1,,1012.3,
2021-07-27,31.9,27,38,0,,19,13.7,,1013.4,
2021-07-28,33.9,27.6,38.2,0,,24,14.1,,1011.1,
2021-07-29,34.6,27.6,38.9,0,,20,15.2,,1008.7,
2021-07-30,34.1,27.1,38.1,0,,9,13.3,,1007.4,
2021-07-31,34.7,27.2,38.5,0,,354,11.5,,1006.5,
2021-08-01,34.1,27,37.7,0,,350,9.9,,1007.8,
2021-08-02,33.8,27.9,37.3,0,,337,10.9,,1008.4,
2021-08-03,34.5,27.3,38.3,0,,329,11.4,,1009.6,
2021-08-04,34.4,30.2,38,0,,335,13.3,,1011.1,
2021-08-05,33.9,27.2,37.9,0,,339,10.1,,1008.8,
2021-08-06,33.1,27.9,39.5,0,,311,9.6,,1003.3,
2021-08-07,31.3,27.7,33.5,0,,354,14,,1005.9,
2021-08-08,30.6,25.7,34.4,0,,359,13.7,,1011.9,
2021-08-09,31.5,25.1,35.4,0,,345,12.3,,1013.7,
2021-08-10,32,26.8,35.1,0,,339,12.3,,1013,
2021-08-11,31.5,26.9,35.4,0,,350,11.1,,1011.8,
2021-08-12,31.7,28.2,36.2,0,,15,14.8,,1012,
2021-08-13,31.2,27,36.4,0,,23,16.7,,1014.2,
2021-08-14,29.7,25.1,35.1,0,,17,17.1,,1013.7,
2021-08-15,29.6,25.4,34.8,0,,21,12.9,,1011.3,
2021-08-16,28.4,24.1,32.3,0,,341,10.1,,1010.6,
2021-08-17,27.7,22.7,33,0,,323,8.2,,1009.5,
2021-08-18,28.6,22.9,33.5,0,,307,10.1,,1007.3,
2021-08-19,29.8,24.7,35.1,0,,353,11.7,,1006.8,
2021-08-20,29.7,25.8,33.6,0,,13,13.1,,1009.4,
2021-08-21,28.6,23.6,32,0,,356,11,,1009.5,
2021-08-22,28.8,24.2,34.7,0,,10,13.8,,1009.4,
2021-08-23,29.6,26,33,0,,16,11.4,,1009.2,
2021-08-24,28.3,24.8,31.8,0,,329,8.7,,1008.7,
2021-08-25,27.8,24.3,32.4,0,,328,7.4,,1009.7,
2021-08-26,28.2,23.2,33.8,0,,325,7.4,,1010.6,
2021-08-27,29.7,25.4,36,0,,171,6.2,,1009.5,
2021-08-28,29.6,25.4,36.3,0,,298,6.2,,1008.3,
2021-08-29,28.6,23.9,34.6,0,,192,6.2,,1006.5,
2021-08-30,29.1,25.3,33.9,0,,292,7.7,,1008.6,
2021-08-31,28.8,25.2,32.4,0,,326,10.2,,1010.8,
2021-09-01,28.2,25,31.9,0,,322,12.1,,1010.5,
2021-09-02,27.4,24.2,31,0,,353,14.5,,1013,
2021-09-03,27.6,24,32.9,0,,10,15,,1013.6,
2021-09-04,25.8,22.1,28.7,0,,354,12.7,,1011.4,
2021-09-05,25.8,21.8,29.6,0,,345,13.1,,1010.7,
2021-09-06,27.6,23.3,33.3,0,,17,15.4,,1011.1,
2021-09-07,27.6,23.5,32.6,0,,41,15,,1013.1,
2021-09-08,26.4,22.8,30.1,0,,0,7.5,,1013.6,
2021-09-09,24.9,21.4,28.6,0,,302,7.5,,1013.3,
2021-09-10,24.6,21.3,27.8,0,,326,9.2,,1014.1,
2021-09-11,24.8,21.5,28.7,0,,333,10.6,,1014,
2021-09-12,25.2,20.1,29,0,,348,8.6,,1009.7,
2021-09-13,25.7,21.5,29.5,0,,345,8.7,,1008.7,
2021-09-14,27.3,23.3,31.2,0,,22,11.8,,1010.3,
2021-09-15,25.7,22.2,30.9,0,,358,13.4,,1013.1,
2021-09-16,26.7,22.5,31.4,0,,340,11,,1015.5,
2021-09-17,26.4,21,31.3,0,,347,8.1,,1014.8,
2021-09-18,29.2,24,35.5,0,,139,7.9,,1012.7,
2021-09-19,28.8,23.4,34.3,0,,165,6.7,,1013.7,
2021-09-20,30,22.7,35.8,0,,153,9.6,,1013.2,
2021-09-21,27.3,21.3,31.8,0,,9,9.3,,1015,
2021-09-22,24.5,21.6,28.6,0,,349,10.9,,1013.9,
2021-09-23,20.5,15,24.1,0,,7,15.1,,1013.1,
2021-09-24,20.9,16.9,25.6,0,,350,11.8,,1017.2,
2021-09-25,22.9,16.3,28.4,0,,349,6.9,,1018.4,
2021-09-26,24.8,20.2,30,0,,339,7.3,,1017.8,
2021-09-27,24.7,19.1,29.8,0,,351,9.1,,1013.3,
2021-09-28,24.5,19.9,29.2,0,,1,11.2,,1012.7,
2021-09-29,24.6,20.5,29.7,0,,12,14.2,,1014.1,
2021-09-30,23.6,20.1,28.5,0,,14,16.1,,1015.2,
2021-10-01,22.8,18.9,28.3,0,,25,14.1,,1015.1,
2021-10-02,22.7,19.2,27.8,0,,18,12.4,,1014.8,
2021-10-03,22.5,18.8,28.2,0,,17,12.5,,1017.2,
2021-10-04,22.8,18.8,28.4,0,,10,11.2,,1017.8,
2021-10-05,22.1,17.5,28.5,0,,12,13.5,,1017.9,
2021-10-06,21.9,17.8,26.9,0,,9,9.7,,1017.6,
2021-10-07,20.8,16.3,26.6,0,,16,5.3,,1015.5,
2021-10-08,22.4,17.5,28.4,0,,148,6.5,,1015.4,
2021-10-09,22,18.8,26,0,,249,4.1,,1016.4,
2021-10-10,22.3,18.6,28,0,,353,5.1,,1017.7,
2021-10-11,23.6,18.8,29.8,0,,143,6.2,,1015.6,
2021-10-12,22.1,14.2,26.9,7.1,,145,10.4,,1009.9,
2021-10-13,19.7,17.1,24.3,0,,143,7,,1013,
2021-10-14,22.5,16.5,27.4,0,,134,7.6,,1015.4,
2021-10-15,21.1,16.6,25.9,0,,138,13.6,,1013.1,
2021-10-16,19.9,14.5,24.8,13,,147,13.9,,1014,
2021-10-17,20,12.8,23.7,8.9,,52,4.8,,1016.8,
2021-10-18,19.8,16.3,24,0,,3,7.4,,1019,
2021-10-19,19.9,15.7,24.9,0,,358,9.4,,1022,
2021-10-20,19.3,12.3,22.7,0,,346,7.2,,1023.5,
2021-10-21,18.1,13.6,23.4,0,,355,5.3,,1022.3,
2021-10-22,19.2,15.6,24.8,0,,138,6,,1021.7,
2021-10-23,20.4,16.7,25.9,0,,64,5.9,,1021.3,
2021-10-24,20.1,16.4,26.1,0,,3,9.1,,1021.1,
2021-10-25,19.1,12.2,22.9,0,,22,13.1,,1021.1,
2021-10-26,18.1,14.3,22.8,0,,13,5.9,,1018.9,
2021-10-27,18.2,12.7,22.7,0,,21,6.3,,1018.8,
2021-10-28,19.5,15.8,23.8,0,,34,9.5,,1019,
2021-10-29,18.5,15,22.8,0,,25,7.2,,1017.2,
2021-10-30,18.4,15.1,23.2,0,,45,5.5,,1016.8,
2021-10-31,18.8,14.9,23,3,,83,4.2,,1017.4,
2021-11-01,18.8,13.2,21.9,6.1,,320,4.6,,1014.4,
2021-11-02,18.7,14.9,21.9,0,,122,10.4,,1013.1,
2021-11-03,22.6,18.8,26.6,1,,143,12.2,,1016.9,
2021-11-04,22.6,16.1,28.2,0,,138,8.3,,1021.4,
2021-11-05,21.5,17.5,28,0,,32,4.9,,1020.7,
2021-11-06,20.9,16.9,25.8,0,,352,5.9,,1019.8,
2021-11-07,20.6,15.1,26.4,0,,26,5.6,,1017.8,
2021-11-08,18.9,15.6,24.7,0,,127,5.4,,1016.6,
2021-11-09,19.2,15.6,22.8,0,,39,4.5,,1020.8,
2021-11-10,17.5,15.6,20.8,0,,16,14.2,,1025.4,
2021-11-11,17,14.6,20.9,0,,6,8.1,,1021.2,
2021-11-12,16.2,12.1,20.7,0,,49,4.7,,1018.7,
2021-11-13,16.6,12.1,22.2,0,,115,4.3,,1020.6,
2021-11-14,16.9,11,21.4,0,,79,4.4,,1020.4,
2021-11-15,16.8,12.6,20.8,0,,352,5.9,,1018.7,
2021-11-16,17.3,10.7,21.5,0,,25,6.5,,1017.7,
2021-11-17,16.1,13.5,19.6,0,,342,6.1,,1018.4,
2021-11-18,16.2,13.3,17.7,0,,327,6.8,,1021.4,
2021-11-19,15.7,8.9,19.2,0,,355,10.4,,1019.9,
2021-11-20,15.8,12.4,20.2,0,,1,13.2,,1016.1,
2021-11-21,15.9,6.9,20.6,0,,1,5.1,,1015.8,
2021-11-22,17.8,13,22.3,0,,142,10.2,,1018.7,
2021-11-23,17.9,17.1,19.7,15,,133,11.9,,1018.9,
2021-11-24,17.1,10.5,18.2,9.9,,59,8.8,,1016.9,
2021-11-25,14.9,11.6,18.2,0,,0,5.5,,1016.8,
2021-11-26,13.2,9.1,17.1,5.3,,135,15.3,,1014.9,
2021-11-27,21.1,19.5,23.6,1,,155,15.3,,1012.8,
2021-11-28,21.4,19.3,23.9,0.5,,166,18,,1011.4,
2021-11-29,22.7,19.9,24.7,0,,160,20.4,,1008.8,
2021-11-30,17.9,7.6,20.4,4.8,,188,13.5,,1009.5,
2021-12-01,14.2,6.6,17.4,0.5,,16,5.7,,1017.2,
2021-12-02,14.8,11.3,17.9,0,,133,10.9,,1017.5,
2021-12-03,16.8,15,20.5,1.3,,143,15.5,,1016.9,
2021-12-04,16.2,12.7,17.8,29.5,,137,15.5,,1012.4,
2021-12-05,16.8,13.6,21.2,39.1,,131,5.7,,1011.5,
2021-12-06,18.2,16.2,21,0,,151,17,,1013,
2021-12-07,12.4,10.7,13.9,23.6,,147,18.2,,1004.6,
2021-12-08,14.3,9.2,16.6,32,,289,7.3,,1007.5,
2021-12-09,15.7,12.4,18.7,0,,135,13.1,,1017.9,
2021-12-10,16.8,11.4,19.3,25.9,,153,21,,1016.1,
2021-12-11,17.7,14.3,19.7,1,,143,16.4,,1015,
2021-12-12,17.6,13.4,20.6,0,,161,17.6,,1014.2,
2021-12-13,16.2,9.4,20.7,39.1,,140,8.7,,1015.2,
2021-12-14,14.1,12.6,15.2,8.9,,121,3.5,,1012.6,
2021-12-15,13.2,6.5,15,4.1,,17,13.5,,1015.4,
2021-12-16,11.1,4.5,15.4,0,,355,12.1,,1021.2,
2021-12-17,10.9,7.9,13.5,0,,352,9,,1019.7,
2021-12-18,10.9,9.7,12.1,0.5,,42,11.9,,1012.3,
2021-12-19,11.3,5.4,13,0,,1,18.1,,1010.3,
2021-12-20,8.8,2.4,14.5,0.3,,7,5.2,,1012.6,
2021-12-21,6.8,3.4,10.8,1,,18,5.9,,1019.6,
2021-12-22,6.1,2.4,10.1,0,,29,6.7,,1025.2,
2021-12-23,5.5,0.8,10.1,0,,21,7.2,,1025.3,
2021-12-24,5.2,0,10.9,0,,99,4.6,,1023.3,
2021-12-25,10.1,6.1,12.7,0,,135,10.2,,1021.6,
2021-12-26,13.3,11.2,17.6,0.3,,129,11.8,,1021.2,
2021-12-27,14.3,11.6,18,0.3,,134,12.4,,1020.4,
2021-12-28,14.9,12.6,18.6,0,,140,15,,1015.2,
2021-12-29,13.4,11.2,16.1,5.8,,136,16.8,,1009.5,
2021-12-30,12.1,11.1,14.3,13.2,,85,8.4,,1006.5,
2021-12-31,13.1,10,17.7,4.8,,22,8.6,,1015.2,
2022-01-01,10.6,6.6,14.4,0,,336,5.8,,1018.4,
2022-01-02,12.3,7.3,18.5,0,,351,7.4,,1021.6,
2022-01-03,11.8,5.7,17.2,0,,69,5.3,,1020.4,
2022-01-04,14,10.4,17.9,0,,135,9.8,,1017.5,
2022-01-05,15.5,13.1,18.2,0,,146,17.2,,1016.8,
2022-01-06,15.9,12.9,18.9,0,,149,14.9,,1016.7,
2022-01-07,14.1,12.6,16.4,0,,139,9.9,,1016.8,
2022-01-08,13.3,10.1,16.6,2,,133,8,,1013.7,
2022-01-09,11.4,9.8,12.8,12.2,,129,9.3,,1005.4,
2022-01-10,11.7,10.2,13.3,0.3,,134,13.2,,1000.9,
2022-01-11,10.9,9.4,12.1,4.3,,114,13.7,,1003,
2022-01-12,8.4,3.8,10.6,17.5,,50,17,,1010.9,
2022-01-13,4.8,0.9,6.9,0,,22,21.5,,1021.5,
2022-01-14,4.6,1.9,8.5,0,,354,11.4,,1021.7,
2022-01-15,6.9,1,13.4,0,,4,9.8,,1017.1,
2022-01-16,6.1,1.6,10.2,0,,353,9.1,,1024.3,
2022-01-17,6,-0.1,11.8,0,,110,6.9,,1024,
2022-01-18,6.2,1.8,9.1,3.3,,51,10.1,,1021.1,
2022-01-19,4.2,1.8,7.8,0,,351,9.2,,1028.9,
2022-01-20,4.8,-0.1,8.5,0,,107,8.5,,1028.2,
2022-01-21,9.3,5.6,12.1,1.5,,136,14.1,,1020.2,
2022-01-22,5,-0.2,9.2,6.7,,39,10.9,,1014.1,
2022-01-23,2,-0.1,5.7,0.3,,358,8.1,,1018.9,
2022-01-24,1.8,-0.3,3.9,0,,60,12.4,,1021.2,
2022-01-25,3.2,1.5,6.5,0,,22,17.6,,1020.4,
2022-01-26,3,0.6,6.7,0,,4,14.8,,1021.4,
2022-01-27,4.1,-0.1,9,0,,5,7.7,,1024.6,
2022-01-28,6.2,2.7,12,0,,71,4.7,,1023.1,
2022-01-29,6.3,3.3,9.5,0,,103,6.1,,1020.5,
2022-01-30,8.3,5.4,11.8,0.8,,19,6.1,,1016.7,
2022-01-31,8.5,4.9,13.7,0.5,,3,5.6,,1014,
2022-02-01,7.9,3.4,11.4,3.4,,129,15.6,,1009.3,
2022-02-02,11.8,9.6,14.8,46,,142,20.6,,1006.7,
2022-02-03,9.2,5.7,13.4,70.9,,96,15.9,,1005.1,
2022-02-04,7.7,3.5,11.2,1.5,,6,16.2,,1017.8,
2022-02-05,6.1,1.1,13.3,0,,30,4.7,,1020.8,
2022-02-06,9.3,3.7,15.3,0,,43,4.1,,1022.3,
2022-02-07,9,4,14.5,2.7,,139,13,,1017,
2022-02-08,9.9,4.6,12.3,22.3,,162,14.6,,1006.6,
2022-02-09,6.4,4.6,10,7.6,,344,19,,1019.3,
2022-02-10,8.6,5.2,13.6,0,,344,12.3,,1024.8,
2022-02-11,9.3,2.4,16.5,0,,61,4.8,,1024.2,
2022-02-12,12,7.3,18,0,,124,6.8,,1025.8,
2022-02-13,10.2,6.8,13.5,0,,26,6.1,,1023.2,
2022-02-14,8.8,4.3,13.2,0,,347,7.9,,1022.6,
2022-02-15,7.8,3.1,13,0,,344,6.8,,1023.7,
2022-02-16,10.2,5.2,17.1,0,,90,3.7,,1021.6,
2022-02-17,12.3,7.2,17,0,,137,6.6,,1014.8,
2022-02-18,11.2,6.5,16.7,2,,96,7.7,,1013.9,
2022-02-19,11.1,6.3,16.4,0,,358,6,,1020.4,
2022-02-20,12.9,7.2,16,0,,129,9.3,,1020.7,
2022-02-21,15.7,12.9,19.6,0,,144,12.7,,1015.5,
2022-02-22,14.4,11.2,17.9,5.1,,145,15.8,,1008.5,
2022-02-23,14.3,12.2,18.3,4.1,,138,6,,1011.7,
2022-02-24,8.3,6.2,10.4,3.3,,6,14.9,,1012.3,
2022-02-25,9.2,5.6,12.8,0,,352,14.7,,1015.5,
2022-02-26,9.3,3.8,13.7,0,,326,6.3,,1018.9,
2022-02-27,12.3,7.9,16.4,0,,141,12.3,,1018.4,
2022-02-28,10.3,6.7,11.8,5.3,,291,7.8,,1017.1,
2022-03-01,9.1,5.2,12.9,2.3,,27,7.6,,1018,
2022-03-02,7,3.2,9,0,,34,12.9,,1011.8,
2022-03-03,7.8,4,11.1,0,,339,12.8,,1013.7,
2022-03-04,8,5,10.2,0,,133,7.3,,1016.5,
2022-03-05,9.9,7.3,12,0,,135,11.4,,1014,
2022-03-06,12.8,9.9,17.7,2,,135,9,,1011.1,
2022-03-07,11.2,8,15.3,8.4,,160,8.7,,1011.6,
2022-03-08,8.9,6.4,12.8,0.3,,107,9.4,,1010.4,
2022-03-09,8.2,5.8,11.8,6.6,,36,12.2,,1009.4,
2022-03-10,5.3,2.2,8.8,0,,11,17.5,,1012.5,
2022-03-11,3.1,-1,6.4,0,,7,15.8,,1021.2,
2022-03-12,2.4,-0.3,7.4,0,,15,11.6,,1025.7,
2022-03-13,3.9,-0.5,8.6,0,,356,9.3,,1027.9,
2022-03-14,6.6,1.5,11.6,0,,11,10.9,,1030.9,
2022-03-15,7.2,1,12,0,,359,10.4,,1033.1,
2022-03-16,8,0.9,12.7,0,,6,5.2,,1026.9,
2022-03-17,10.6,5.2,16.3,0,,44,8.4,,1023.7,
2022-03-18,5.3,1,10.2,0,,14,17.8,,1030,
2022-03-19,3.8,0.5,8.1,0,,5,16.3,,1032.9,
2022-03-20,5.9,2.4,10.2,0,,17,15.7,,1030.5,
2022-03-21,7.2,2.8,13.6,0,,13,12.9,,1025.1,
2022-03-22,8,3.9,13.2,0,,30,13.4,,1020,
2022-03-23,9.2,6,14.9,0,,14,13,,1018.2,
2022-03-24,9.5,5.3,15,0,,7,13.8,,1019.7,
2022-03-25,12.5,4.5,21.2,0,,134,5.7,,1020.1,
2022-03-26,11.9,7.4,17.1,0,,27,8.7,,1024.6,
2022-03-27,12.1,4.7,19.4,0,,358,5.9,,1028.6,
2022-03-28,15.2,8.9,22.1,0,,141,4.3,,1027.5,
2022-03-29,15.3,12.9,19.4,0.3,,138,8.8,,1020.1,
2022-03-30,16.6,12,22.2,0,,140,8.3,,1015.8,
2022-03-31,17.7,10.3,20.4,0,,146,17.9,,1014.5,
2022-04-01,21.7,17.9,25.6,0,,153,24.2,,1010,
2022-04-02,18.3,13.2,21.7,0.3,,166,18.1,,1011.5,
2022-04-03,17.4,11.9,20.7,0,,174,13.9,,1014.2,
2022-04-04,16.7,13.3,22.8,0,,164,5.5,,1017.9,
2022-04-05,16.5,13,20.9,0,,321,6.2,,1011.2,
2022-04-06,15.7,9.6,20.4,0,,321,8.8,,1012,
2022-04-07,18.3,12.5,24.8,0,,144,13.5,,1007.5,
2022-04-08,17.9,14.5,23.8,0.5,,77,8.2,,1009.7,
2022-04-09,18.6,13.5,23.9,0,,146,14.9,,1011.4,
2022-04-10,18.4,14.7,22.2,0,,156,21.2,,1009.4,
2022-04-11,11.7,8.9,14.2,21.2,,305,16,,1011.4,
2022-04-12,11.8,5.9,16.6,0.8,,337,9.7,,1020.3,
2022-04-13,13.6,6.6,18.6,0,,358,7.8,,1019.1,
2022-04-14,15.1,8.2,21.2,0,,7,7.7,,1019.8,
2022-04-15,16.5,9.7,22,0,,340,7.1,,1018.2,
2022-04-16,18.1,12.4,25.6,0,,133,5,,1013.8,
2022-04-17,16.7,12.4,20.5,7.1,,64,6,,1005.8,
2022-04-18,14.4,12.1,16.7,6.1,,349,8.2,,1003.8,
2022-04-19,12.7,9.6,16.1,0,,293,9,,1010.8,
2022-04-20,14.4,7.3,20.9,0,,187,5.7,,1016.5,
2022-04-21,16.4,11.8,22.6,0,,72,6.8,,1016.9,
2022-04-22,19.7,12.3,26.1,0,,130,6.7,,1014.3,
2022-04-23,21.2,14,29.4,0,,148,8.1,,1010.2,
2022-04-24,18.7,11.6,25.1,0,,329,7.5,,1010.1,
2022-04-25,19.7,12.3,27.9,0,,353,5.2,,1010.2,
2022-04-26,21.2,16.1,27.4,0,,334,6.7,,1011,
2022-04-27,20.8,14.7,27.2,0,,318,9.1,,1011.5,
2022-04-28,20.6,13,25.9,0,,328,8.7,,1011.3,
2022-04-29,20.3,14.7,24.1,0,,6,7.9,,1011.6,
2022-04-30,18.6,16.4,22.8,0,,20,12.1,,1011.6,
2022-05-01,18.6,13.5,23.9,0,,2,11,,1013,
2022-05-02,17.4,14,20.7,0.3,,15,5.3,,1010,
2022-05-03,16.8,14,20.6,0,,308,7.4,,1010,
2022-05-04,16.4,12.6,20.3,0,,342,11.9,,1014.5,
2022-05-05,18.3,12.1,25.1,0,,343,11.4,,1018.7,
2022-05-06,19.4,14.2,25.3,0,,4,11.4,,1018.5,
2022-05-07,19.7,15.3,23.9,0,,22,8.5,,1016.1,
2022-05-08,19.4,12.7,24.6,0,,357,8.3,,1016.1,
2022-05-09,18.9,12.9,22.7,0,,348,9.1,,1015.5,
2022-05-10,18.7,12.5,23.8,0,,337,8.6,,1014.9,
2022-05-11,19.6,13.9,24,0,,334,7.9,,1016.1,
2022-05-12,20.9,13.5,26.8,0,,342,8.9,,1019.2,
2022-05-13,21.1,16,26.7,0,,164,5.6,,1017.9,
2022-05-14,21.2,14.7,26.4,0,,328,7.6,,1015.9,
2022-05-15,21.7,15.4,27.6,0,,314,11.3,,1015.9,
2022-05-16,23.4,16.9,29.4,0,,319,8,,1017.5,
2022-05-17,23.6,17.2,29.1,0,,327,9.3,,1015.6,
2022-05-18,24.1,17.3,31.3,0,,325,8.3,,1012.7,
2022-05-19,17.2,12.6,21.7,14,,25,20,,1018.3,
2022-05-20,21.4,14.3,28.4,0,,22,13.4,,1019.3,
2022-05-21,21.8,15.5,27.1,0,,323,6.5,,1015.6,
2022-05-22,22.7,16.3,27.9,0,,315,11,,1009.1,
2022-05-23,23.9,18.3,28.8,0,,319,7.8,,1008.8,
2022-05-24,24.8,17.9,31,0,,317,7.3,,1010.8,
2022-05-25,25.8,19,33,0,,306,8.3,,1014.8,
2022-05-26,27.2,20,32.8,0,,,,,,
2022-05-27,27.9,20.9,34.3,0,,,,,,
2022-05-28,28.3,21.7,35.4,0,,343,6.8,,1010.9,
2022-05-29,29.3,24,34.9,0,,156,13.5,,1008.7,
2022-05-30,26.1,22.5,31.3,0,,208,9.6,,1010.8,
2022-05-31,26.1,21.3,30,0,,314,13,,1012.4,
2022-06-01,27.6,22.6,32.1,0,,352,11,,1010.8,
2022-06-02,27.8,23.5,31.9,0,,11,10.5,,1009.3,
2022-06-03,27.8,22.4,34.8,0,,18,12.1,,1009.7,
2022-06-04,28.3,23.3,33.9,0,,17,13.2,,1011.1,
2022-06-05,28.2,23.6,33.3,0,,356,11.9,,1010.3,
2022-06-06,28.2,24.3,32.7,0,,330,12.1,,1009.8,
2022-06-07,25.4,21,30.5,0,,351,15.1,,1008.7,
2022-06-08,23.9,19.7,27.8,0,,316,12.9,,1008.6,
2022-06-09,25.8,20,32.2,0,,223,7.3,,1009,
2022-06-10,27.1,21.6,30.9,0.2,,160,15.8,,1008.6,
2022-06-11,21.9,19.2,25.1,3.8,,138,7,,1006.8,
2022-06-12,22.1,19.2,24.6,9.1,,324,10.3,,1006.2,
2022-06-13,25.7,20.8,31.8,2.3,,352,11.9,,1006.6,
2022-06-14,26.7,20.9,31.5,0,,354,10.5,,1009.1,
2022-06-15,27.9,23.8,32.2,0,,17,9.5,,1012.6,
2022-06-16,27.2,23,30.5,0,,11,8.1,,1013.3,
2022-06-17,25.6,21.2,28.7,0,,336,11,,1012.4,
2022-06-18,26.8,20.9,32.3,0,,14,12.2,,1009.4,
2022-06-19,27.5,22.3,33.8,0,,21,12.8,,1010.3,
2022-06-20,24.9,21.5,28.8,0,,319,9.6,,1010.1,
2022-06-21,25.8,22.3,30,0,,318,12.9,,1009.4,
2022-06-22,28.6,21.7,34.2,0,,319,10.6,,1009.1,
2022-06-23,29.6,23.4,35,0,,309,9.2,,1009.5,
2022-06-24,27.9,23.8,32.6,0,,346,12.4,,1009.2,
2022-06-25,26.9,20.6,31.2,0,,325,12.5,,1012,
2022-06-26,26.9,23.1,31.8,0.3,,334,10.6,,1011.1,
2022-06-27,27.6,22.6,33.3,0,,356,14.3,,1012.2,
2022-06-28,27.2,24.4,31.8,0,,346,14.5,,1010.8,
2022-06-29,27.8,23.4,33.4,0,,6,14.5,,1010.3,
2022-06-30,28.3,23.4,33.7,0,,8,13.5,,1008.7,
2022-07-01,30.3,24.7,36.5,0,,18,14.5,,1009.2,
2022-07-02,31.2,26.7,37.5,0,,15,14.6,,1009.9,
2022-07-03,31.1,26.7,37.3,0,,32,16.6,,1008.8,
2022-07-04,29,22.3,34.4,0,,23,12.6,,1007.6,
2022-07-05,28.9,23,33.9,0,,13,11.2,,1007.4,
2022-07-06,27.4,22.5,31,0,,337,14,,1006.9,
2022-07-07,27.9,22.8,33.3,0,,331,15.5,,1008.7,
2022-07-08,28.1,23.8,32.1,0,,338,13.6,,1008.5,
2022-07-09,25.9,23,30.3,0,,325,8,,1005,
2022-07-10,26.7,22.2,32.2,0,,358,15,,1005.4,
2022-07-11,26.9,21.9,32.5,0,,342,12.6,,1010.4,
2022-07-12,26.8,22.6,31.6,0,,340,14.9,,1012.5,
2022-07-13,27.7,22.3,33.9,0,,355,16.9,,1012.2,
2022-07-14,29.4,23.9,36.3,0,,22,16.8,,1009.2,
2022-07-15,28.6,23.8,33.2,0,,7,12.2,,1006.9,
2022-07-16,30.7,24.3,36.7,0,,8,15.5,,1009.3,
2022-07-17,31.1,24.4,37.7,0,,13,17.6,,1011.1,
2022-07-18,29.8,25.2,35.1,0,,18,20.7,,1011.9,
2022-07-19,28.1,23.3,34.2,0,,18,17.3,,1011.5,
2022-07-20,28.2,23.7,34.5,0,,23,16.3,,1010.9,
2022-07-21,29.6,23.6,36.5,0,,16,15.4,,1010.1,
2022-07-22,31.2,26.2,36.9,0,,6,14.2,,1011.2,
2022-07-23,31.2,25.8,37.6,0,,9,15.6,,1011.5,
2022-07-24,31.6,24.9,39,0,,2,13.8,,1010.1,
2022-07-25,30.9,24.6,37.4,0,,355,11.8,,1007.7,
2022-07-26,29.8,26.3,34.5,0,,352,11.6,,1006.4,
2022-07-27,29.6,23.3,35,0,,318,10.2,,1005.5,
2022-07-28,29.4,22.9,34.7,0,,317,10,,1006,
2022-07-29,28.9,24.7,33,0,,332,10.2,,1007.3,
2022-07-30,28.8,24.4,33.1,0,,337,11,,1007.4,
2022-07-31,28.4,24.2,32.3,0,,334,12.7,,1006.2,
2022-08-01,29.6,25.8,34.3,0,,351,14.6,,1005.9,
2022-08-02,30.4,25.7,37,0,,5,15.1,,1006.6,
2022-08-03,30.7,26.3,35.6,0,,18,13.2,,1006.7,
2022-08-04,29.6,25.4,33.3,0,,2,12,,1007.5,
2022-08-05,29.3,24.2,32.9,0,,7,12,,1007.2,
2022-08-06,29.6,25.4,33.6,0,,6,11.4,,1004.3,
2022-08-07,30.7,25.7,36.4,0,,18,13.4,,1003.3,
2022-08-08,30.4,27,33.6,0,,16,10.5,,1005.5,
2022-08-09,30.6,25.3,36.5,0,,1,10.8,,1006.7,
2022-08-10,29.9,24.5,36.1,0,,7,13.7,,1006.3,
2022-08-11,30.4,26.5,36.3,0,,19,14.2,,1007.8,
2022-08-12,29.4,25.9,34.1,0,,359,11.2,,1008,
2022-08-13,27.1,24.1,31.4,0,,314,10.9,,1006.6,
2022-08-14,27.3,24,32,0,,304,9.1,,1005.3,
2022-08-15,26.4,23.4,30.5,0,,313,9.6,,1007.1,
2022-08-16,26.4,21.9,31.7,0,,312,10.3,,1010.7,
2022-08-17,28.4,23.4,33.1,0,,312,11.7,,1008.9,
2022-08-18,31,26,37.6,0,,347,11.9,,1006.9,
2022-08-19,31.7,27.4,38.1,0,,358,14.6,,1007.4,
2022-08-20,29.8,26.4,34.2,0,,336,10.6,,1006.5,
2022-08-21,28.8,24.2,34.3,0,,323,7.1,,1003.6,
2022-08-22,29.1,23.7,34.2,0,,181,6.5,,1004.1,
2022-08-23,27.8,22.9,33.1,0,,245,7,,1007.9,
2022-08-24,26.3,23.8,31,5.1,,219,5,,1008.9,
2022-08-25,26.2,23.2,29.7,0,,301,6.3,,1008.5,
2022-08-26,24.8,21.4,28.2,17,,171,3.8,,1008,
2022-08-27,26.3,22.4,30.9,0,,200,7.2,,1010.3,
2022-08-28,27.3,21.4,31.6,0.2,,320,8,,1011.6,
2022-08-29,28.2,22.9,33.6,0,,312,8.1,,1010.9,
2022-08-30,28.2,24.3,33.2,0,,306,5.8,,1010.7,
2022-08-31,27.7,22.8,32.1,0.3,,283,6.8,,1010.2,